ID,Name,Stoichiometry,Enzyme,Rate law,Rate parameters,Type,KM1,KM2,KM3
Aminoacylation_MG471,Aminoacylation (MG471),1 MG471 + 1 ALA + 1 ATP -> 1 MG471_aa + 1 AMP + 1 PPI,MG_292_TETRAMER,k_tRnaAa_MG471*MG471*MG_292_TETRAMER,k_tRnaAa_MG471 = 7.600000,tRNA-aminoacylation,,,
Aminoacylation_MG472,Aminoacylation (MG472),1 MG472 + 1 ATP + 1 ILE -> 1 MG472_aa + 1 AMP + 1 PPI,MG_345_MONOMER,k_tRnaAa_MG472*MG472*MG_345_MONOMER,k_tRnaAa_MG472 = 4.262700,tRNA-aminoacylation,,,
Aminoacylation_MG475,Aminoacylation (MG475),1 MG475 + 1 ATP + 1 SER -> 1 MG475_aa + 1 AMP + 1 PPI,MG_005_DIMER,k_tRnaAa_MG475*MG475*MG_005_DIMER,k_tRnaAa_MG475 = 7.600000,tRNA-aminoacylation,,,
Aminoacylation_MG479,Aminoacylation (MG479),1 MG479 + 1 ATP + 1 THR -> 1 MG479_aa + 1 AMP + 1 PPI,MG_375_DIMER,k_tRnaAa_MG479*MG479*MG_375_DIMER,k_tRnaAa_MG479 = 90.000000,tRNA-aminoacylation,,,
Aminoacylation_MG483,Aminoacylation (MG483),1 MG483 + 1 ATP + 1 CYS -> 1 MG483_aa + 1 AMP + 1 PPI,MG_253_MONOMER,k_tRnaAa_MG483*MG483*MG_253_MONOMER,k_tRnaAa_MG483 = 141.900000,tRNA-aminoacylation,,,
Aminoacylation_MG484,Aminoacylation (MG484),1 MG484 + 1 ATP + 1 PRO -> 1 MG484_aa + 1 AMP + 1 PPI,MG_283_DIMER,k_tRnaAa_MG484*MG484*MG_283_DIMER,k_tRnaAa_MG484 = 14.000000,tRNA-aminoacylation,,,
Aminoacylation_MG485,Aminoacylation (MG485),1 MG485 + 1 ATP + 1 MET -> 1 MG485_aa + 1 AMP + 1 PPI,MG_021_DIMER,k_tRnaAa_MG485*MG485*MG_021_DIMER,k_tRnaAa_MG485 = 3.200000,tRNA-aminoacylation,,,
Aminoacylation_MG486,Aminoacylation (MG486),1 MG486 + 1 ATP + 1 ILE -> 1 MG486_aa + 1 AMP + 1 PPI,MG_345_MONOMER,k_tRnaAa_MG486*MG486*MG_345_MONOMER,k_tRnaAa_MG486 = 4.262700,tRNA-aminoacylation,,,
Aminoacylation_MG487,Aminoacylation (MG487),1 MG487 + 1 ATP + 1 SER -> 1 MG487_aa + 1 AMP + 1 PPI,MG_005_DIMER,k_tRnaAa_MG487*MG487*MG_005_DIMER,k_tRnaAa_MG487 = 7.600000,tRNA-aminoacylation,,,
Aminoacylation_MG488,Aminoacylation (MG488),1 MG488 + 1 ATP + 1 FTHF10 + 1 MET -> 1 MG488_aa + 1 AMP + 1 PPI + 1 THF,"MG_365_MONOMER, MG_021_DIMER",k_tRnaAa_MG488*MG488*MG_365_MONOMER*MG_021_DIMER,k_tRnaAa_MG488 = 10.800000,tRNA-aminoacylation,,,
Aminoacylation_MG489,Aminoacylation (MG489),1 MG489 + 1 ASP + 1 ATP -> 1 MG489_aa + 1 AMP + 1 PPI,MG_036_DIMER,k_tRnaAa_MG489*MG489*MG_036_DIMER,k_tRnaAa_MG489 = 7.600000,tRNA-aminoacylation,,,
Aminoacylation_MG490,Aminoacylation (MG490),1 MG490 + 1 ATP + 1 PHE -> 1 MG490_aa + 1 AMP + 1 PPI,MG_194_195_TETRAMER,k_tRnaAa_MG490*MG490*MG_194_195_TETRAMER,k_tRnaAa_MG490 = 5.400000,tRNA-aminoacylation,,,
Aminoacylation_MG492,Aminoacylation (MG492),1 MG492 + 1 ARG + 1 ATP -> 1 MG492_aa + 1 AMP + 1 PPI,MG_378_MONOMER,k_tRnaAa_MG492*MG492*MG_378_MONOMER,k_tRnaAa_MG492 = 2.800000,tRNA-aminoacylation,,,
Aminoacylation_MG493,Aminoacylation (MG493),1 MG493 + 1 ATP + 1 GLY -> 1 MG493_aa + 1 AMP + 1 PPI,MG_251_DIMER,k_tRnaAa_MG493*MG493*MG_251_DIMER,k_tRnaAa_MG493 = 7.600000,tRNA-aminoacylation,,,
Aminoacylation_MG495,Aminoacylation (MG495),1 MG495 + 1 ARG + 1 ATP -> 1 MG495_aa + 1 AMP + 1 PPI,MG_378_MONOMER,k_tRnaAa_MG495*MG495*MG_378_MONOMER,k_tRnaAa_MG495 = 2.800000,tRNA-aminoacylation,,,
Aminoacylation_MG496,Aminoacylation (MG496),1 MG496 + 1 ATP + 1 TRP -> 1 MG496_aa + 1 AMP + 1 PPI,MG_126_DIMER,k_tRnaAa_MG496*MG496*MG_126_DIMER,k_tRnaAa_MG496 = 7.600000,tRNA-aminoacylation,,,
Aminoacylation_MG497,Aminoacylation (MG497),1 MG497 + 1 ARG + 1 ATP -> 1 MG497_aa + 1 AMP + 1 PPI,MG_378_MONOMER,k_tRnaAa_MG497*MG497*MG_378_MONOMER,k_tRnaAa_MG497 = 2.800000,tRNA-aminoacylation,,,
Aminoacylation_MG499,Aminoacylation (MG499),1 MG499 + 1 ATP + 1 GLY -> 1 MG499_aa + 1 AMP + 1 PPI,MG_251_DIMER,k_tRnaAa_MG499*MG499*MG_251_DIMER,k_tRnaAa_MG499 = 7.600000,tRNA-aminoacylation,,,
Aminoacylation_MG500,Aminoacylation (MG500),1 MG500 + 1 ATP + 1 LEU -> 1 MG500_aa + 1 AMP + 1 PPI,MG_266_MONOMER,k_tRnaAa_MG500*MG500*MG_266_MONOMER,k_tRnaAa_MG500 = 5.100000,tRNA-aminoacylation,,,
Aminoacylation_MG501,Aminoacylation (MG501),1 MG501 + 1 ATP + 1 LYS -> 1 MG501_aa + 1 AMP + 1 PPI,MG_136_DIMER,k_tRnaAa_MG501*MG501*MG_136_DIMER,k_tRnaAa_MG501 = 7.600000,tRNA-aminoacylation,,,
Aminoacylation_MG502,Aminoacylation (MG502),1 MG502 + 2 ATP + 1 H2O + 1 GLN -> 1 MG502_aa + 1 ADP + 1 AMP + 1 H + 1 PI + 1 PPI,"MG_462_MONOMER, MG_098_099_100_TRIMER",k_tRnaAa_MG502*MG502*MG_462_MONOMER*MG_098_099_100_TRIMER,k_tRnaAa_MG502 = 5.360000,tRNA-aminoacylation,,,
Aminoacylation_MG503,Aminoacylation (MG503),1 MG503 + 1 ATP + 1 TYR -> 1 MG503_aa + 1 AMP + 1 PPI,MG_455_DIMER,k_tRnaAa_MG503*MG503*MG_455_DIMER,k_tRnaAa_MG503 = 0.740000,tRNA-aminoacylation,,,
Aminoacylation_MG504,Aminoacylation (MG504),1 MG504 + 1 ATP + 1 TRP -> 1 MG504_aa + 1 AMP + 1 PPI,MG_126_DIMER,k_tRnaAa_MG504*MG504*MG_126_DIMER,k_tRnaAa_MG504 = 7.600000,tRNA-aminoacylation,,,
Aminoacylation_MG506,Aminoacylation (MG506),1 MG506 + 1 ATP + 1 SER -> 1 MG506_aa + 1 AMP + 1 PPI,MG_005_DIMER,k_tRnaAa_MG506*MG506*MG_005_DIMER,k_tRnaAa_MG506 = 7.600000,tRNA-aminoacylation,,,
Aminoacylation_MG507,Aminoacylation (MG507),1 MG507 + 1 ATP + 1 SER -> 1 MG507_aa + 1 AMP + 1 PPI,MG_005_DIMER,k_tRnaAa_MG507*MG507*MG_005_DIMER,k_tRnaAa_MG507 = 7.600000,tRNA-aminoacylation,,,
Aminoacylation_MG508,Aminoacylation (MG508),1 MG508 + 1 ATP + 1 LEU -> 1 MG508_aa + 1 AMP + 1 PPI,MG_266_MONOMER,k_tRnaAa_MG508*MG508*MG_266_MONOMER,k_tRnaAa_MG508 = 5.100000,tRNA-aminoacylation,,,
Aminoacylation_MG509,Aminoacylation (MG509),1 MG509 + 1 ATP + 1 LYS -> 1 MG509_aa + 1 AMP + 1 PPI,MG_136_DIMER,k_tRnaAa_MG509*MG509*MG_136_DIMER,k_tRnaAa_MG509 = 7.600000,tRNA-aminoacylation,,,
Aminoacylation_MG510,Aminoacylation (MG510),1 MG510 + 1 ATP + 1 THR -> 1 MG510_aa + 1 AMP + 1 PPI,MG_375_DIMER,k_tRnaAa_MG510*MG510*MG_375_DIMER,k_tRnaAa_MG510 = 90.000000,tRNA-aminoacylation,,,
Aminoacylation_MG511,Aminoacylation (MG511),1 MG511 + 1 ATP + 1 VAL -> 1 MG511_aa + 1 AMP + 1 PPI,MG_334_MONOMER,k_tRnaAa_MG511*MG511*MG_334_MONOMER,k_tRnaAa_MG511 = 7.600000,tRNA-aminoacylation,,,
Aminoacylation_MG512,Aminoacylation (MG512),1 MG512 + 1 ATP + 1 THR -> 1 MG512_aa + 1 AMP + 1 PPI,MG_375_DIMER,k_tRnaAa_MG512*MG512*MG_375_DIMER,k_tRnaAa_MG512 = 90.000000,tRNA-aminoacylation,,,
Aminoacylation_MG513,Aminoacylation (MG513),1 MG513 + 1 ATP + 1 GLU -> 1 MG513_aa + 1 AMP + 1 PPI,MG_462_MONOMER,k_tRnaAa_MG513*MG513*MG_462_MONOMER,k_tRnaAa_MG513 = 4.400000,tRNA-aminoacylation,,,
Aminoacylation_MG514,Aminoacylation (MG514),1 MG514 + 1 ASN + 1 ATP -> 1 MG514_aa + 1 AMP + 1 PPI,MG_113_DIMER,k_tRnaAa_MG514*MG514*MG_113_DIMER,k_tRnaAa_MG514 = 27.000000,tRNA-aminoacylation,,,
Aminoacylation_MG518,Aminoacylation (MG518),1 MG518 + 1 ATP + 1 HIS -> 1 MG518_aa + 1 AMP + 1 PPI,MG_035_DIMER,k_tRnaAa_MG518*MG518*MG_035_DIMER,k_tRnaAa_MG518 = 142.000000,tRNA-aminoacylation,,,
Aminoacylation_MG519,Aminoacylation (MG519),1 MG519 + 1 ATP + 1 LEU -> 1 MG519_aa + 1 AMP + 1 PPI,MG_266_MONOMER,k_tRnaAa_MG519*MG519*MG_266_MONOMER,k_tRnaAa_MG519 = 5.100000,tRNA-aminoacylation,,,
Aminoacylation_MG520,Aminoacylation (MG520),1 MG520 + 1 ATP + 1 LEU -> 1 MG520_aa + 1 AMP + 1 PPI,MG_266_MONOMER,k_tRnaAa_MG520*MG520*MG_266_MONOMER,k_tRnaAa_MG520 = 5.100000,tRNA-aminoacylation,,,
Aminoacylation_MG523,Aminoacylation (MG523),1 MG523 + 1 ARG + 1 ATP -> 1 MG523_aa + 1 AMP + 1 PPI,MG_378_MONOMER,k_tRnaAa_MG523*MG523*MG_378_MONOMER,k_tRnaAa_MG523 = 2.800000,tRNA-aminoacylation,,,
