ID;Name;Stoichiometry;Enzyme;Rate law;Rate parameters;Type
Translocation_MG_014_MONOMER;Translocation (multidrug ABC transporter, ATP-binding/permease protein);1 c.MG_014_MONOMER + 18 c.ATP + 18 c.H2O -> 1 m.MG_014_MONOMER + 18 c.ADP + 18 c.PI + 18 c.H;MG_055_170_277_464_476_20MER, MG_072_DIMER;k_trans_MG_014_MONOMER*MG_014_MONOMER*MG_072_DIMER;k_trans_MG_014_MONOMER = 5938520541161.229500;protein-translocation
Translocation_MG_015_MONOMER;Translocation (multidrug ABC transporter, ATP-binding/permease protein);1 c.MG_015_MONOMER + 17 c.ATP + 17 c.H2O -> 1 m.MG_015_MONOMER + 17 c.ADP + 17 c.PI + 17 c.H;MG_055_170_277_464_476_20MER, MG_072_DIMER;k_trans_MG_015_MONOMER*MG_015_MONOMER*MG_072_DIMER;k_trans_MG_015_MONOMER = 6281321387340.316400;protein-translocation
Translocation_MG_028_MONOMER;Translocation (MG_028_MONOMER);1 c.MG_028_MONOMER + 6 c.ATP + 6 c.H2O -> 1 m.MG_028_MONOMER + 6 c.ADP + 6 c.PI + 6 c.H;MG_055_170_277_464_476_20MER, MG_072_DIMER;k_trans_MG_028_MONOMER*MG_028_MONOMER*MG_072_DIMER;k_trans_MG_028_MONOMER = 18406459189768.387000;protein-translocation
Translocation_MG_032_MONOMER;Translocation (MG_032_MONOMER);1 c.MG_032_MONOMER + 19 c.ATP + 19 c.H2O -> 1 e.MG_032_MONOMER + 19 c.ADP + 19 c.PI + 19 c.H;MG_055_170_277_464_476_20MER, MG_072_DIMER;k_trans_MG_032_MONOMER*MG_032_MONOMER*MG_072_DIMER;k_trans_MG_032_MONOMER = 5555102548263.431600;protein-translocation
Translocation_MG_033_MONOMER;Translocation (glycerol uptake facilitator);1 c.MG_033_MONOMER + 7 c.ATP + 7 c.H2O -> 1 m.MG_033_MONOMER + 7 c.ADP + 7 c.PI + 7 c.H;MG_055_170_277_464_476_20MER, MG_072_DIMER;k_trans_MG_033_MONOMER*MG_033_MONOMER*MG_072_DIMER;k_trans_MG_033_MONOMER = 14339915880400.953000;protein-translocation
Translocation_MG_040_MONOMER;Translocation (Monosaccharide (riboside/galactoside) ABC transporter, substrate binding protein);1 c.MG_040_MONOMER + 17 c.ATP + 17 c.H2O -> 1 e.MG_040_MONOMER + 17 c.ADP + 17 c.PI + 17 c.H;MG_055_170_277_464_476_20MER, MG_072_DIMER;k_trans_MG_040_MONOMER*MG_040_MONOMER*MG_072_DIMER;k_trans_MG_040_MONOMER = 6260064800581.127000;protein-translocation
Translocation_MG_043_MONOMER;Translocation (spermidine/putrescine (polyamine) ABC transporter, permease protein, putative);1 c.MG_043_MONOMER + 8 c.ATP + 8 c.H2O -> 1 m.MG_043_MONOMER + 8 c.ADP + 8 c.PI + 8 c.H;MG_055_170_277_464_476_20MER, MG_072_DIMER;k_trans_MG_043_MONOMER*MG_043_MONOMER*MG_072_DIMER;k_trans_MG_043_MONOMER = 12981397533836.652000;protein-translocation
Translocation_MG_044_MONOMER;Translocation (spermidine/putrescine (polyamine) ABC transporter, permease protein, putative);1 c.MG_044_MONOMER + 8 c.ATP + 8 c.H2O -> 1 m.MG_044_MONOMER + 8 c.ADP + 8 c.PI + 8 c.H;MG_055_170_277_464_476_20MER, MG_072_DIMER;k_trans_MG_044_MONOMER*MG_044_MONOMER*MG_072_DIMER;k_trans_MG_044_MONOMER = 13027106680082.557000;protein-translocation
Translocation_MG_045_MONOMER;Translocation (spermidine/putrescine (polyamine) ABC transporter, spermidine/putrescine binding protein, putative);1 c.MG_045_MONOMER + 14 c.ATP + 14 c.H2O -> 1 e.MG_045_MONOMER + 14 c.ADP + 14 c.PI + 14 c.H;MG_055_170_277_464_476_20MER, MG_072_DIMER;k_trans_MG_045_MONOMER*MG_045_MONOMER*MG_072_DIMER;k_trans_MG_045_MONOMER = 7659830842947.093700;protein-translocation
Translocation_MG_055_MONOMER;Translocation (preprotein translocase, SecE subunit);1 c.MG_055_MONOMER + 4 c.ATP + 4 c.H2O -> 1 m.MG_055_MONOMER + 4 c.ADP + 4 c.PI + 4 c.H;MG_055_170_277_464_476_20MER, MG_072_DIMER;k_trans_MG_055_MONOMER*MG_055_MONOMER*MG_072_DIMER;k_trans_MG_055_MONOMER = 30078847944255.656000;protein-translocation
Translocation_MG_474_MONOMER;Translocation (MG_474_MONOMER);1 c.MG_474_MONOMER + 4 c.ATP + 4 c.H2O -> 1 m.MG_474_MONOMER + 4 c.ADP + 4 c.PI + 4 c.H;MG_055_170_277_464_476_20MER, MG_072_DIMER;k_trans_MG_474_MONOMER*MG_474_MONOMER*MG_072_DIMER;k_trans_MG_474_MONOMER = 29131482654672.805000;protein-translocation
Translocation_MG_061_MONOMER;Translocation (Mycoplasma MFS transporter);1 c.MG_061_MONOMER + 16 c.ATP + 16 c.H2O -> 1 m.MG_061_MONOMER + 16 c.ADP + 16 c.PI + 16 c.H;MG_055_170_277_464_476_20MER, MG_072_DIMER;k_trans_MG_061_MONOMER*MG_061_MONOMER*MG_072_DIMER;k_trans_MG_061_MONOMER = 6525041088436.412100;protein-translocation
Translocation_MG_062_MONOMER;Translocation (PTS system, fructose-specific IIABC component);1 c.MG_062_MONOMER + 19 c.ATP + 19 c.H2O -> 1 m.MG_062_MONOMER + 19 c.ADP + 19 c.PI + 19 c.H;MG_055_170_277_464_476_20MER, MG_072_DIMER;k_trans_MG_062_MONOMER*MG_062_MONOMER*MG_072_DIMER;k_trans_MG_062_MONOMER = 5440732789916.832000;protein-translocation
Translocation_MG_064_MONOMER;Translocation (ABC transporter, permease protein, putative);1 c.MG_064_MONOMER + 38 c.ATP + 38 c.H2O -> 1 m.MG_064_MONOMER + 38 c.ADP + 38 c.PI + 38 c.H;MG_055_170_277_464_476_20MER, MG_072_DIMER;k_trans_MG_064_MONOMER*MG_064_MONOMER*MG_072_DIMER;k_trans_MG_064_MONOMER = 2779638089514.234400;protein-translocation
Translocation_MG_067_MONOMER;Translocation (lipoprotein, putative);1 c.MG_067_MONOMER + 15 c.ATP + 15 c.H2O -> 1 m.MG_067_MONOMER + 15 c.ADP + 15 c.PI + 15 c.H;MG_055_170_277_464_476_20MER, MG_072_DIMER;k_trans_MG_067_MONOMER*MG_067_MONOMER*MG_072_DIMER;k_trans_MG_067_MONOMER = 7169957940200.476600;protein-translocation
Translocation_MG_068_MONOMER;Translocation (lipoprotein, putative);1 c.MG_068_MONOMER + 14 c.ATP + 14 c.H2O -> 1 m.MG_068_MONOMER + 14 c.ADP + 14 c.PI + 14 c.H;MG_055_170_277_464_476_20MER, MG_072_DIMER;k_trans_MG_068_MONOMER*MG_068_MONOMER*MG_072_DIMER;k_trans_MG_068_MONOMER = 7805270669078.999000;protein-translocation
Translocation_MG_069_MONOMER;Translocation (PTS system, glucose-specific IIABC component);1 c.MG_069_MONOMER + 26 c.ATP + 26 c.H2O -> 1 m.MG_069_MONOMER + 26 c.ADP + 26 c.PI + 26 c.H;MG_055_170_277_464_476_20MER, MG_072_DIMER;k_trans_MG_069_MONOMER*MG_069_MONOMER*MG_072_DIMER;k_trans_MG_069_MONOMER = 4074557595972.957500;protein-translocation
Translocation_MG_071_MONOMER;Translocation (ATPase, P-type (transporting), HAD superfamily, subfamily IC);1 c.MG_071_MONOMER + 25 c.ATP + 25 c.H2O -> 1 m.MG_071_MONOMER + 25 c.ADP + 25 c.PI + 25 c.H;MG_055_170_277_464_476_20MER, MG_072_DIMER;k_trans_MG_071_MONOMER*MG_071_MONOMER*MG_072_DIMER;k_trans_MG_071_MONOMER = 4233064413207.604500;protein-translocation
Translocation_MG_074_MONOMER;Translocation (MG_074_MONOMER);1 c.MG_074_MONOMER + 4 c.ATP + 4 c.H2O -> 1 e.MG_074_MONOMER + 4 c.ADP + 4 c.PI + 4 c.H;MG_055_170_277_464_476_20MER, MG_072_DIMER;k_trans_MG_074_MONOMER*MG_074_MONOMER*MG_072_DIMER;k_trans_MG_074_MONOMER = 27005097059441.211000;protein-translocation
Translocation_MG_075_MONOMER;Translocation (116 kDa surface antigen);1 c.MG_075_MONOMER + 29 c.ATP + 29 c.H2O -> 1 m.MG_075_MONOMER + 29 c.ADP + 29 c.PI + 29 c.H;MG_055_170_277_464_476_20MER, MG_072_DIMER;k_trans_MG_075_MONOMER*MG_075_MONOMER*MG_072_DIMER;k_trans_MG_075_MONOMER = 3612986618304.146500;protein-translocation
Translocation_MG_076_MONOMER;Translocation (MG_076_MONOMER);1 c.MG_076_MONOMER + 4 c.ATP + 4 c.H2O -> 1 m.MG_076_MONOMER + 4 c.ADP + 4 c.PI + 4 c.H;MG_055_170_277_464_476_20MER, MG_072_DIMER;k_trans_MG_076_MONOMER*MG_076_MONOMER*MG_072_DIMER;k_trans_MG_076_MONOMER = 26809407950314.824000;protein-translocation
Translocation_MG_077_MONOMER;Translocation (oligopeptide ABC transporter, permease protein);1 c.MG_077_MONOMER + 12 c.ATP + 12 c.H2O -> 1 m.MG_077_MONOMER + 12 c.ADP + 12 c.PI + 12 c.H;MG_055_170_277_464_476_20MER, MG_072_DIMER;k_trans_MG_077_MONOMER*MG_077_MONOMER*MG_072_DIMER;k_trans_MG_077_MONOMER = 9090167806249.253900;protein-translocation
Translocation_MG_078_MONOMER;Translocation (oligopeptide ABC transporter, permease protein);1 c.MG_078_MONOMER + 11 c.ATP + 11 c.H2O -> 1 m.MG_078_MONOMER + 11 c.ADP + 11 c.PI + 11 c.H;MG_055_170_277_464_476_20MER, MG_072_DIMER;k_trans_MG_078_MONOMER*MG_078_MONOMER*MG_072_DIMER;k_trans_MG_078_MONOMER = 9839623130700.654300;protein-translocation
Translocation_MG_086_MONOMER;Translocation (prolipoprotein diacylglyceryl transferase);1 c.MG_086_MONOMER + 11 c.ATP + 11 c.H2O -> 1 m.MG_086_MONOMER + 11 c.ADP + 11 c.PI + 11 c.H;MG_055_170_277_464_476_20MER, MG_072_DIMER;k_trans_MG_086_MONOMER*MG_086_MONOMER*MG_072_DIMER;k_trans_MG_086_MONOMER = 9685074076291.742200;protein-translocation
Translocation_MG_095_MONOMER;Translocation (lipoprotein, putative);1 c.MG_095_MONOMER + 11 c.ATP + 11 c.H2O -> 1 m.MG_095_MONOMER + 11 c.ADP + 11 c.PI + 11 c.H;MG_055_170_277_464_476_20MER, MG_072_DIMER;k_trans_MG_095_MONOMER*MG_095_MONOMER*MG_072_DIMER;k_trans_MG_095_MONOMER = 9295724364682.025400;protein-translocation
Translocation_MG_096_MONOMER;Translocation (MG_096_MONOMER);1 c.MG_096_MONOMER + 19 c.ATP + 19 c.H2O -> 1 e.MG_096_MONOMER + 19 c.ADP + 19 c.PI + 19 c.H;MG_055_170_277_464_476_20MER, MG_072_DIMER;k_trans_MG_096_MONOMER*MG_096_MONOMER*MG_072_DIMER;k_trans_MG_096_MONOMER = 5691843534066.839800;protein-translocation
Translocation_MG_476_MONOMER;Translocation (preprotein translocase, SecG subunit);1 c.MG_476_MONOMER + 2 c.ATP + 2 c.H2O -> 1 m.MG_476_MONOMER + 2 c.ADP + 2 c.PI + 2 c.H;MG_055_170_277_464_476_20MER, MG_072_DIMER;k_trans_MG_476_MONOMER*MG_476_MONOMER*MG_072_DIMER;k_trans_MG_476_MONOMER = 48048029833031.758000;protein-translocation
Translocation_MG_109_MONOMER;Translocation (serine/threonine protein kinase, putative);1 c.MG_109_MONOMER + 11 c.ATP + 11 c.H2O -> 1 m.MG_109_MONOMER + 11 c.ADP + 11 c.PI + 11 c.H;MG_055_170_277_464_476_20MER, MG_072_DIMER;k_trans_MG_109_MONOMER*MG_109_MONOMER*MG_072_DIMER;k_trans_MG_109_MONOMER = 9559943920267.300800;protein-translocation
Translocation_MG_114_MONOMER;Translocation (CDP-diacylglycerol--glycerol-3-phosphate 3-phosphatidyltransferase);1 c.MG_114_MONOMER + 7 c.ATP + 7 c.H2O -> 1 m.MG_114_MONOMER + 7 c.ADP + 7 c.PI + 7 c.H;MG_055_170_277_464_476_20MER, MG_072_DIMER;k_trans_MG_114_MONOMER*MG_114_MONOMER*MG_072_DIMER;k_trans_MG_114_MONOMER = 15676687699760.363000;protein-translocation
Translocation_MG_120_MONOMER;Translocation (Monosaccharide (riboside/galactoside) ABC transporter, permease protein);1 c.MG_120_MONOMER + 15 c.ATP + 15 c.H2O -> 1 m.MG_120_MONOMER + 15 c.ADP + 15 c.PI + 15 c.H;MG_055_170_277_464_476_20MER, MG_072_DIMER;k_trans_MG_120_MONOMER*MG_120_MONOMER*MG_072_DIMER;k_trans_MG_120_MONOMER = 7114804417583.549800;protein-translocation
Translocation_MG_121_MONOMER;Translocation (Monosaccharide (riboside/galactoside) ABC transporter, permease protein);1 c.MG_121_MONOMER + 9 c.ATP + 9 c.H2O -> 1 m.MG_121_MONOMER + 9 c.ADP + 9 c.PI + 9 c.H;MG_055_170_277_464_476_20MER, MG_072_DIMER;k_trans_MG_121_MONOMER*MG_121_MONOMER*MG_072_DIMER;k_trans_MG_121_MONOMER = 12090517310926.293000;protein-translocation
Translocation_MG_123_MONOMER;Translocation (arginine deaminasse);1 c.MG_123_MONOMER + 13 c.ATP + 13 c.H2O -> 1 m.MG_123_MONOMER + 13 c.ADP + 13 c.PI + 13 c.H;MG_055_170_277_464_476_20MER, MG_072_DIMER;k_trans_MG_123_MONOMER*MG_123_MONOMER*MG_072_DIMER;k_trans_MG_123_MONOMER = 7854985768882.050800;protein-translocation
Translocation_MG_129_MONOMER;Translocation (Putative phosphotransferase enzyme glucose-specific IIB component);1 c.MG_129_MONOMER + 3 c.ATP + 3 c.H2O -> 1 e.MG_129_MONOMER + 3 c.ADP + 3 c.PI + 3 c.H;MG_055_170_277_464_476_20MER, MG_072_DIMER;k_trans_MG_129_MONOMER*MG_129_MONOMER*MG_072_DIMER;k_trans_MG_129_MONOMER = 31621352967038.000000;protein-translocation
Translocation_MG_130_MONOMER;Translocation (MG_130_MONOMER);1 c.MG_130_MONOMER + 14 c.ATP + 14 c.H2O -> 1 m.MG_130_MONOMER + 14 c.ADP + 14 c.PI + 14 c.H;MG_055_170_277_464_476_20MER, MG_072_DIMER;k_trans_MG_130_MONOMER*MG_130_MONOMER*MG_072_DIMER;k_trans_MG_130_MONOMER = 7644004746164.144500;protein-translocation
Translocation_MG_131_MONOMER;Translocation (hypothetical protein);1 c.MG_131_MONOMER + 2 c.ATP + 2 c.H2O -> 1 m.MG_131_MONOMER + 2 c.ADP + 2 c.PI + 2 c.H;MG_055_170_277_464_476_20MER, MG_072_DIMER;k_trans_MG_131_MONOMER*MG_131_MONOMER*MG_072_DIMER;k_trans_MG_131_MONOMER = 49995922934370.891000;protein-translocation
Translocation_MG_133_MONOMER;Translocation (membrane protein, putative);1 c.MG_133_MONOMER + 8 c.ATP + 8 c.H2O -> 1 m.MG_133_MONOMER + 8 c.ADP + 8 c.PI + 8 c.H;MG_055_170_277_464_476_20MER, MG_072_DIMER;k_trans_MG_133_MONOMER*MG_133_MONOMER*MG_072_DIMER;k_trans_MG_133_MONOMER = 14014008701300.932000;protein-translocation
Translocation_MG_135_MONOMER;Translocation (membrane protein, putative);1 c.MG_135_MONOMER + 8 c.ATP + 8 c.H2O -> 1 m.MG_135_MONOMER + 8 c.ADP + 8 c.PI + 8 c.H;MG_055_170_277_464_476_20MER, MG_072_DIMER;k_trans_MG_135_MONOMER*MG_135_MONOMER*MG_072_DIMER;k_trans_MG_135_MONOMER = 13213208204083.734000;protein-translocation
Translocation_MG_144_MONOMER;Translocation (MG_144_MONOMER);1 c.MG_144_MONOMER + 8 c.ATP + 8 c.H2O -> 1 m.MG_144_MONOMER + 8 c.ADP + 8 c.PI + 8 c.H;MG_055_170_277_464_476_20MER, MG_072_DIMER;k_trans_MG_144_MONOMER*MG_144_MONOMER*MG_072_DIMER;k_trans_MG_144_MONOMER = 13260567373274.000000;protein-translocation
Translocation_MG_146_MONOMER;Translocation (UPF0053 protein);1 c.MG_146_MONOMER + 12 c.ATP + 12 c.H2O -> 1 e.MG_146_MONOMER + 12 c.ADP + 12 c.PI + 12 c.H;MG_055_170_277_464_476_20MER, MG_072_DIMER;k_trans_MG_146_MONOMER*MG_146_MONOMER*MG_072_DIMER;k_trans_MG_146_MONOMER = 8725703530998.693400;protein-translocation
Translocation_MG_147_MONOMER;Translocation (membrane protein, putative);1 c.MG_147_MONOMER + 11 c.ATP + 11 c.H2O -> 1 m.MG_147_MONOMER + 11 c.ADP + 11 c.PI + 11 c.H;MG_055_170_277_464_476_20MER, MG_072_DIMER;k_trans_MG_147_MONOMER*MG_147_MONOMER*MG_072_DIMER;k_trans_MG_147_MONOMER = 9865862125715.855500;protein-translocation
Translocation_MG_148_MONOMER;Translocation (MG_148_MONOMER);1 c.MG_148_MONOMER + 12 c.ATP + 12 c.H2O -> 1 m.MG_148_MONOMER + 12 c.ADP + 12 c.PI + 12 c.H;MG_055_170_277_464_476_20MER, MG_072_DIMER;k_trans_MG_148_MONOMER*MG_148_MONOMER*MG_072_DIMER;k_trans_MG_148_MONOMER = 9045717107930.185500;protein-translocation
Translocation_MG_149_MONOMER;Translocation (lipoprotein, putative);1 c.MG_149_MONOMER + 8 c.ATP + 8 c.H2O -> 1 m.MG_149_MONOMER + 8 c.ADP + 8 c.PI + 8 c.H;MG_055_170_277_464_476_20MER, MG_072_DIMER;k_trans_MG_149_MONOMER*MG_149_MONOMER*MG_072_DIMER;k_trans_MG_149_MONOMER = 13166186110830.768000;protein-translocation
Translocation_MG_478_MONOMER;Translocation (MG_478_MONOMER);1 c.MG_478_MONOMER + 4 c.ATP + 4 c.H2O -> 1 m.MG_478_MONOMER + 4 c.ADP + 4 c.PI + 4 c.H;MG_055_170_277_464_476_20MER, MG_072_DIMER;k_trans_MG_478_MONOMER*MG_478_MONOMER*MG_072_DIMER;k_trans_MG_478_MONOMER = 24024014916515.879000;protein-translocation
Translocation_MG_170_MONOMER;Translocation (preprotein translocase, SecY subunit);1 c.MG_170_MONOMER + 14 c.ATP + 14 c.H2O -> 1 m.MG_170_MONOMER + 14 c.ADP + 14 c.PI + 14 c.H;MG_055_170_277_464_476_20MER, MG_072_DIMER;k_trans_MG_170_MONOMER*MG_170_MONOMER*MG_072_DIMER;k_trans_MG_170_MONOMER = 7788838520301.992200;protein-translocation
Translocation_MG_181_MONOMER;Translocation (metal ion (cobalt) ABC transporter, permease protein);1 c.MG_181_MONOMER + 12 c.ATP + 12 c.H2O -> 1 m.MG_181_MONOMER + 12 c.ADP + 12 c.PI + 12 c.H;MG_055_170_277_464_476_20MER, MG_072_DIMER;k_trans_MG_181_MONOMER*MG_181_MONOMER*MG_072_DIMER;k_trans_MG_181_MONOMER = 8808805469389.158200;protein-translocation
Translocation_MG_185_MONOMER;Translocation (lipoprotein, putative);1 c.MG_185_MONOMER + 20 c.ATP + 20 c.H2O -> 1 m.MG_185_MONOMER + 20 c.ADP + 20 c.PI + 20 c.H;MG_055_170_277_464_476_20MER, MG_072_DIMER;k_trans_MG_185_MONOMER*MG_185_MONOMER*MG_072_DIMER;k_trans_MG_185_MONOMER = 5277743647850.849600;protein-translocation
Translocation_MG_186_MONOMER;Translocation (Oligosaccharide or polyol ABC transporter, substrate binding protein);1 c.MG_186_MONOMER + 7 c.ATP + 7 c.H2O -> 1 e.MG_186_MONOMER + 7 c.ADP + 7 c.PI + 7 c.H;MG_055_170_277_464_476_20MER, MG_072_DIMER;k_trans_MG_186_MONOMER*MG_186_MONOMER*MG_072_DIMER;k_trans_MG_186_MONOMER = 14798793188573.783000;protein-translocation
Translocation_MG_188_MONOMER;Translocation (Oligosaccharide or polyol ABC transporter, permease protein);1 c.MG_188_MONOMER + 9 c.ATP + 9 c.H2O -> 1 m.MG_188_MONOMER + 9 c.ADP + 9 c.PI + 9 c.H;MG_055_170_277_464_476_20MER, MG_072_DIMER;k_trans_MG_188_MONOMER*MG_188_MONOMER*MG_072_DIMER;k_trans_MG_188_MONOMER = 11245283577943.604000;protein-translocation
Translocation_MG_189_MONOMER;Translocation (Oligosaccharide or polyol ABC transporter, permease protein);1 c.MG_189_MONOMER + 9 c.ATP + 9 c.H2O -> 1 m.MG_189_MONOMER + 9 c.ADP + 9 c.PI + 9 c.H;MG_055_170_277_464_476_20MER, MG_072_DIMER;k_trans_MG_189_MONOMER*MG_189_MONOMER*MG_072_DIMER;k_trans_MG_189_MONOMER = 11634271374664.924000;protein-translocation
Translocation_MG_191_MONOMER;Translocation (MgPa adhesin);1 c.MG_191_MONOMER + 41 c.ATP + 41 c.H2O -> 1 m.MG_191_MONOMER + 41 c.ADP + 41 c.PI + 41 c.H;MG_055_170_277_464_476_20MER, MG_072_DIMER;k_trans_MG_191_MONOMER*MG_191_MONOMER*MG_072_DIMER;k_trans_MG_191_MONOMER = 2562117934309.865200;protein-translocation
Translocation_MG_192_MONOMER;Translocation (P110 protein);1 c.MG_192_MONOMER + 30 c.ATP + 30 c.H2O -> 1 m.MG_192_MONOMER + 30 c.ADP + 30 c.PI + 30 c.H;MG_055_170_277_464_476_20MER, MG_072_DIMER;k_trans_MG_192_MONOMER*MG_192_MONOMER*MG_072_DIMER;k_trans_MG_192_MONOMER = 3513483663004.222200;protein-translocation
Translocation_MG_210_MONOMER;Translocation (prolipoprotein signal peptidase, signal peptidase II);1 c.MG_210_MONOMER + 5 c.ATP + 5 c.H2O -> 1 m.MG_210_MONOMER + 5 c.ADP + 5 c.PI + 5 c.H;MG_055_170_277_464_476_20MER, MG_072_DIMER;k_trans_MG_210_MONOMER*MG_210_MONOMER*MG_072_DIMER;k_trans_MG_210_MONOMER = 20440322083665.445000;protein-translocation
Translocation_MG_212_MONOMER;Translocation (1-acyl-sn-glycerol-3-phosphate acyltransferase, putative);1 c.MG_212_MONOMER + 8 c.ATP + 8 c.H2O -> 1 m.MG_212_MONOMER + 8 c.ADP + 8 c.PI + 8 c.H;MG_055_170_277_464_476_20MER, MG_072_DIMER;k_trans_MG_212_MONOMER*MG_212_MONOMER*MG_072_DIMER;k_trans_MG_212_MONOMER = 13804844392326.291000;protein-translocation
Translocation_MG_220_MONOMER;Translocation (MG_220_MONOMER);1 c.MG_220_MONOMER + 3 c.ATP + 3 c.H2O -> 1 e.MG_220_MONOMER + 3 c.ADP + 3 c.PI + 3 c.H;MG_055_170_277_464_476_20MER, MG_072_DIMER;k_trans_MG_220_MONOMER*MG_220_MONOMER*MG_072_DIMER;k_trans_MG_220_MONOMER = 39781702119822.000000;protein-translocation
Translocation_MG_225_MONOMER;Translocation (amino acid-polyamine-organocation (APC) permease);1 c.MG_225_MONOMER + 14 c.ATP + 14 c.H2O -> 1 m.MG_225_MONOMER + 14 c.ADP + 14 c.PI + 14 c.H;MG_055_170_277_464_476_20MER, MG_072_DIMER;k_trans_MG_225_MONOMER*MG_225_MONOMER*MG_072_DIMER;k_trans_MG_225_MONOMER = 7565845188432.404300;protein-translocation
Translocation_MG_226_MONOMER;Translocation (amino acid-polyamine-organocation (APC) permease);1 c.MG_226_MONOMER + 14 c.ATP + 14 c.H2O -> 1 m.MG_226_MONOMER + 14 c.ADP + 14 c.PI + 14 c.H;MG_055_170_277_464_476_20MER, MG_072_DIMER;k_trans_MG_226_MONOMER*MG_226_MONOMER*MG_072_DIMER;k_trans_MG_226_MONOMER = 7519711986063.914100;protein-translocation
Translocation_MG_241_MONOMER;Translocation (MG_241_MONOMER);1 c.MG_241_MONOMER + 18 c.ATP + 18 c.H2O -> 1 m.MG_241_MONOMER + 18 c.ADP + 18 c.PI + 18 c.H;MG_055_170_277_464_476_20MER, MG_072_DIMER;k_trans_MG_241_MONOMER*MG_241_MONOMER*MG_072_DIMER;k_trans_MG_241_MONOMER = 5967255317973.299800;protein-translocation
Translocation_MG_242_MONOMER;Translocation (MG_242_MONOMER);1 c.MG_242_MONOMER + 18 c.ATP + 18 c.H2O -> 1 m.MG_242_MONOMER + 18 c.ADP + 18 c.PI + 18 c.H;MG_055_170_277_464_476_20MER, MG_072_DIMER;k_trans_MG_242_MONOMER*MG_242_MONOMER*MG_072_DIMER;k_trans_MG_242_MONOMER = 5872536979592.770500;protein-translocation
Translocation_MG_243_MONOMER;Translocation (conserved hypothetical protein, authentic frameshift);1 c.MG_243_MONOMER + 6 c.ATP + 6 c.H2O -> 1 m.MG_243_MONOMER + 6 c.ADP + 6 c.PI + 6 c.H;MG_055_170_277_464_476_20MER, MG_072_DIMER;k_trans_MG_243_MONOMER*MG_243_MONOMER*MG_072_DIMER;k_trans_MG_243_MONOMER = 16370346447537.371000;protein-translocation
Translocation_MG_247_MONOMER;Translocation (membrane protein, putative);1 c.MG_247_MONOMER + 7 c.ATP + 7 c.H2O -> 1 m.MG_247_MONOMER + 7 c.ADP + 7 c.PI + 7 c.H;MG_055_170_277_464_476_20MER, MG_072_DIMER;k_trans_MG_247_MONOMER*MG_247_MONOMER*MG_072_DIMER;k_trans_MG_247_MONOMER = 15479909193068.811000;protein-translocation
Translocation_MG_255_MONOMER;Translocation (MG_255_MONOMER);1 c.MG_255_MONOMER + 10 c.ATP + 10 c.H2O -> 1 m.MG_255_MONOMER + 10 c.ADP + 10 c.PI + 10 c.H;MG_055_170_277_464_476_20MER, MG_072_DIMER;k_trans_MG_255_MONOMER*MG_255_MONOMER*MG_072_DIMER;k_trans_MG_255_MONOMER = 10136159718201.221000;protein-translocation
Translocation_MG_256_MONOMER;Translocation (MG_256_MONOMER);1 c.MG_256_MONOMER + 7 c.ATP + 7 c.H2O -> 1 m.MG_256_MONOMER + 7 c.ADP + 7 c.PI + 7 c.H;MG_055_170_277_464_476_20MER, MG_072_DIMER;k_trans_MG_256_MONOMER*MG_256_MONOMER*MG_072_DIMER;k_trans_MG_256_MONOMER = 14451946473216.586000;protein-translocation
Translocation_MG_260_MONOMER;Translocation (lipoprotein, putative);1 c.MG_260_MONOMER + 22 c.ATP + 22 c.H2O -> 1 m.MG_260_MONOMER + 22 c.ADP + 22 c.PI + 22 c.H;MG_055_170_277_464_476_20MER, MG_072_DIMER;k_trans_MG_260_MONOMER*MG_260_MONOMER*MG_072_DIMER;k_trans_MG_260_MONOMER = 4836206924370.517600;protein-translocation
Translocation_MG_267_MONOMER;Translocation (MG_267_MONOMER);1 c.MG_267_MONOMER + 3 c.ATP + 3 c.H2O -> 1 m.MG_267_MONOMER + 3 c.ADP + 3 c.PI + 3 c.H;MG_055_170_277_464_476_20MER, MG_072_DIMER;k_trans_MG_267_MONOMER*MG_267_MONOMER*MG_072_DIMER;k_trans_MG_267_MONOMER = 32171289540377.789000;protein-translocation
Translocation_MG_275_MONOMER;Translocation (NADH oxidase);1 c.MG_275_MONOMER + 14 c.ATP + 14 c.H2O -> 1 m.MG_275_MONOMER + 14 c.ADP + 14 c.PI + 14 c.H;MG_055_170_277_464_476_20MER, MG_072_DIMER;k_trans_MG_275_MONOMER*MG_275_MONOMER*MG_072_DIMER;k_trans_MG_275_MONOMER = 7739954596534.405300;protein-translocation
Translocation_MG_277_MONOMER;Translocation (Protein-export membrane protein secDF);1 c.MG_277_MONOMER + 28 c.ATP + 28 c.H2O -> 1 m.MG_277_MONOMER + 28 c.ADP + 28 c.PI + 28 c.H;MG_055_170_277_464_476_20MER, MG_072_DIMER;k_trans_MG_277_MONOMER*MG_277_MONOMER*MG_072_DIMER;k_trans_MG_277_MONOMER = 3814121955817.985400;protein-translocation
Translocation_MG_279_MONOMER;Translocation (MG_279_MONOMER);1 c.MG_279_MONOMER + 6 c.ATP + 6 c.H2O -> 1 m.MG_279_MONOMER + 6 c.ADP + 6 c.PI + 6 c.H;MG_055_170_277_464_476_20MER, MG_072_DIMER;k_trans_MG_279_MONOMER*MG_279_MONOMER*MG_072_DIMER;k_trans_MG_279_MONOMER = 16971093106162.596000;protein-translocation
Translocation_MG_280_MONOMER;Translocation (sensory rhodopsin II transducer motif);1 c.MG_280_MONOMER + 8 c.ATP + 8 c.H2O -> 1 m.MG_280_MONOMER + 8 c.ADP + 8 c.PI + 8 c.H;MG_055_170_277_464_476_20MER, MG_072_DIMER;k_trans_MG_280_MONOMER*MG_280_MONOMER*MG_072_DIMER;k_trans_MG_280_MONOMER = 13961125649597.908000;protein-translocation
Translocation_MG_281_MONOMER;Translocation (MG_281_MONOMER);1 c.MG_281_MONOMER + 16 c.ATP + 16 c.H2O -> 1 e.MG_281_MONOMER + 16 c.ADP + 16 c.PI + 16 c.H;MG_055_170_277_464_476_20MER, MG_072_DIMER;k_trans_MG_281_MONOMER*MG_281_MONOMER*MG_072_DIMER;k_trans_MG_281_MONOMER = 6654133627955.837900;protein-translocation
Translocation_MG_286_MONOMER;Translocation (MG_286_MONOMER);1 c.MG_286_MONOMER + 6 c.ATP + 6 c.H2O -> 1 e.MG_286_MONOMER + 6 c.ADP + 6 c.PI + 6 c.H;MG_055_170_277_464_476_20MER, MG_072_DIMER;k_trans_MG_286_MONOMER*MG_286_MONOMER*MG_072_DIMER;k_trans_MG_286_MONOMER = 18876011720119.621000;protein-translocation
Translocation_MG_289_MONOMER;Translocation (phosphonate ABC transporter, substrate binding protein (P37), putative);1 c.MG_289_MONOMER + 11 c.ATP + 11 c.H2O -> 1 e.MG_289_MONOMER + 11 c.ADP + 11 c.PI + 11 c.H;MG_055_170_277_464_476_20MER, MG_072_DIMER;k_trans_MG_289_MONOMER*MG_289_MONOMER*MG_072_DIMER;k_trans_MG_289_MONOMER = 10053527981368.061000;protein-translocation
Translocation_MG_291_MONOMER;Translocation (phosphonate ABC transporter, permease protein (P69), putative);1 c.MG_291_MONOMER + 16 c.ATP + 16 c.H2O -> 1 m.MG_291_MONOMER + 16 c.ADP + 16 c.PI + 16 c.H;MG_055_170_277_464_476_20MER, MG_072_DIMER;k_trans_MG_291_MONOMER*MG_291_MONOMER*MG_072_DIMER;k_trans_MG_291_MONOMER = 6813440694555.148400;protein-translocation
Translocation_MG_294_MONOMER;Translocation (major facilitator superfamily (MFS) protein);1 c.MG_294_MONOMER + 14 c.ATP + 14 c.H2O -> 1 m.MG_294_MONOMER + 14 c.ADP + 14 c.PI + 14 c.H;MG_055_170_277_464_476_20MER, MG_072_DIMER;k_trans_MG_294_MONOMER*MG_294_MONOMER*MG_072_DIMER;k_trans_MG_294_MONOMER = 7805270669078.999000;protein-translocation
Translocation_MG_302_MONOMER;Translocation (metal ion (cobalt) ABC transporter, permease protein, putative);1 c.MG_302_MONOMER + 9 c.ATP + 9 c.H2O -> 1 m.MG_302_MONOMER + 9 c.ADP + 9 c.PI + 9 c.H;MG_055_170_277_464_476_20MER, MG_072_DIMER;k_trans_MG_302_MONOMER*MG_302_MONOMER*MG_072_DIMER;k_trans_MG_302_MONOMER = 11670972546193.836000;protein-translocation
Translocation_MG_306_MONOMER;Translocation (membrane protein, putative);1 c.MG_306_MONOMER + 11 c.ATP + 11 c.H2O -> 1 m.MG_306_MONOMER + 11 c.ADP + 11 c.PI + 11 c.H;MG_055_170_277_464_476_20MER, MG_072_DIMER;k_trans_MG_306_MONOMER*MG_306_MONOMER*MG_072_DIMER;k_trans_MG_306_MONOMER = 9413990577973.144500;protein-translocation
Translocation_MG_307_MONOMER;Translocation (lipoprotein, putative);1 c.MG_307_MONOMER + 34 c.ATP + 34 c.H2O -> 1 m.MG_307_MONOMER + 34 c.ADP + 34 c.PI + 34 c.H;MG_055_170_277_464_476_20MER, MG_072_DIMER;k_trans_MG_307_MONOMER*MG_307_MONOMER*MG_072_DIMER;k_trans_MG_307_MONOMER = 3143329054497.405300;protein-translocation
Translocation_MG_309_MONOMER;Translocation (lipoprotein, putative);1 c.MG_309_MONOMER + 35 c.ATP + 35 c.H2O -> 1 m.MG_309_MONOMER + 35 c.ADP + 35 c.PI + 35 c.H;MG_055_170_277_464_476_20MER, MG_072_DIMER;k_trans_MG_309_MONOMER*MG_309_MONOMER*MG_072_DIMER;k_trans_MG_309_MONOMER = 3020161875219.139600;protein-translocation
Translocation_MG_310_MONOMER;Translocation (hydrolase, Putative esterase/lipase 1);1 c.MG_310_MONOMER + 8 c.ATP + 8 c.H2O -> 1 e.MG_310_MONOMER + 8 c.ADP + 8 c.PI + 8 c.H;MG_055_170_277_464_476_20MER, MG_072_DIMER;k_trans_MG_310_MONOMER*MG_310_MONOMER*MG_072_DIMER;k_trans_MG_310_MONOMER = 13804844392326.291000;protein-translocation
Translocation_MG_313_MONOMER;Translocation (membrane protein, putative);1 c.MG_313_MONOMER + 8 c.ATP + 8 c.H2O -> 1 m.MG_313_MONOMER + 8 c.ADP + 8 c.PI + 8 c.H;MG_055_170_277_464_476_20MER, MG_072_DIMER;k_trans_MG_313_MONOMER*MG_313_MONOMER*MG_072_DIMER;k_trans_MG_313_MONOMER = 12890934833252.424000;protein-translocation
Translocation_MG_314_MONOMER;Translocation (MG_314_MONOMER);1 c.MG_314_MONOMER + 13 c.ATP + 13 c.H2O -> 1 m.MG_314_MONOMER + 13 c.ADP + 13 c.PI + 13 c.H;MG_055_170_277_464_476_20MER, MG_072_DIMER;k_trans_MG_314_MONOMER*MG_314_MONOMER*MG_072_DIMER;k_trans_MG_314_MONOMER = 8351463424703.038100;protein-translocation
Translocation_MG_316_MONOMER;Translocation (DNA internalization-related competence protein ComEC/Rec2);1 c.MG_316_MONOMER + 11 c.ATP + 11 c.H2O -> 1 m.MG_316_MONOMER + 11 c.ADP + 11 c.PI + 11 c.H;MG_055_170_277_464_476_20MER, MG_072_DIMER;k_trans_MG_316_MONOMER*MG_316_MONOMER*MG_072_DIMER;k_trans_MG_316_MONOMER = 10026282648085.219000;protein-translocation
Translocation_MG_318_MONOMER;Translocation (P32 adhesin);1 c.MG_318_MONOMER + 8 c.ATP + 8 c.H2O -> 1 m.MG_318_MONOMER + 8 c.ADP + 8 c.PI + 8 c.H;MG_055_170_277_464_476_20MER, MG_072_DIMER;k_trans_MG_318_MONOMER*MG_318_MONOMER*MG_072_DIMER;k_trans_MG_318_MONOMER = 13213208204083.734000;protein-translocation
Translocation_MG_319_MONOMER;Translocation (MG_319_MONOMER);1 c.MG_319_MONOMER + 5 c.ATP + 5 c.H2O -> 1 m.MG_319_MONOMER + 5 c.ADP + 5 c.PI + 5 c.H;MG_055_170_277_464_476_20MER, MG_072_DIMER;k_trans_MG_319_MONOMER*MG_319_MONOMER*MG_072_DIMER;k_trans_MG_319_MONOMER = 20784821894064.305000;protein-translocation
Translocation_MG_320_MONOMER;Translocation (membrane protein, putative);1 c.MG_320_MONOMER + 8 c.ATP + 8 c.H2O -> 1 m.MG_320_MONOMER + 8 c.ADP + 8 c.PI + 8 c.H;MG_055_170_277_464_476_20MER, MG_072_DIMER;k_trans_MG_320_MONOMER*MG_320_MONOMER*MG_072_DIMER;k_trans_MG_320_MONOMER = 12936008031970.090000;protein-translocation
Translocation_MG_321_MONOMER;Translocation (oligopeptide ABC transporter, substrate binding protein);1 c.MG_321_MONOMER + 27 c.ATP + 27 c.H2O -> 1 e.MG_321_MONOMER + 27 c.ADP + 27 c.PI + 27 c.H;MG_055_170_277_464_476_20MER, MG_072_DIMER;k_trans_MG_321_MONOMER*MG_321_MONOMER*MG_072_DIMER;k_trans_MG_321_MONOMER = 3961133080453.368200;protein-translocation
Translocation_MG_322_MONOMER;Translocation (potassium uptake protein);1 c.MG_322_MONOMER + 16 c.ATP + 16 c.H2O -> 1 m.MG_322_MONOMER + 16 c.ADP + 16 c.PI + 16 c.H;MG_055_170_277_464_476_20MER, MG_072_DIMER;k_trans_MG_322_MONOMER*MG_322_MONOMER*MG_072_DIMER;k_trans_MG_322_MONOMER = 6630283686637.000000;protein-translocation
Translocation_MG_515_MONOMER;Translocation (MG_515_MONOMER);1 c.MG_515_MONOMER + 8 c.ATP + 8 c.H2O -> 1 m.MG_515_MONOMER + 8 c.ADP + 8 c.PI + 8 c.H;MG_055_170_277_464_476_20MER, MG_072_DIMER;k_trans_MG_515_MONOMER*MG_515_MONOMER*MG_072_DIMER;k_trans_MG_515_MONOMER = 13753525268191.250000;protein-translocation
Translocation_MG_327_MONOMER;Translocation (hydrolase, Putative esterase/lipase 2);1 c.MG_327_MONOMER + 8 c.ATP + 8 c.H2O -> 1 e.MG_327_MONOMER + 8 c.ADP + 8 c.PI + 8 c.H;MG_055_170_277_464_476_20MER, MG_072_DIMER;k_trans_MG_327_MONOMER*MG_327_MONOMER*MG_072_DIMER;k_trans_MG_327_MONOMER = 13804844392326.291000;protein-translocation
Translocation_MG_331_MONOMER;Translocation (MG_331_MONOMER);1 c.MG_331_MONOMER + 6 c.ATP + 6 c.H2O -> 1 m.MG_331_MONOMER + 6 c.ADP + 6 c.PI + 6 c.H;MG_055_170_277_464_476_20MER, MG_072_DIMER;k_trans_MG_331_MONOMER*MG_331_MONOMER*MG_072_DIMER;k_trans_MG_331_MONOMER = 17451407061997.387000;protein-translocation
Translocation_MG_338_MONOMER;Translocation (lipoprotein, putative);1 c.MG_338_MONOMER + 36 c.ATP + 36 c.H2O -> 1 m.MG_338_MONOMER + 36 c.ADP + 36 c.PI + 36 c.H;MG_055_170_277_464_476_20MER, MG_072_DIMER;k_trans_MG_338_MONOMER*MG_338_MONOMER*MG_072_DIMER;k_trans_MG_338_MONOMER = 2913148265467.280300;protein-translocation
Translocation_MG_344_MONOMER;Translocation (hydrolase, Putative esterase/lipase 3);1 c.MG_344_MONOMER + 8 c.ATP + 8 c.H2O -> 1 e.MG_344_MONOMER + 8 c.ADP + 8 c.PI + 8 c.H;MG_055_170_277_464_476_20MER, MG_072_DIMER;k_trans_MG_344_MONOMER*MG_344_MONOMER*MG_072_DIMER;k_trans_MG_344_MONOMER = 13552008414444.857000;protein-translocation
Translocation_MG_348_MONOMER;Translocation (lipoprotein, putative);1 c.MG_348_MONOMER + 9 c.ATP + 9 c.H2O -> 1 m.MG_348_MONOMER + 9 c.ADP + 9 c.PI + 9 c.H;MG_055_170_277_464_476_20MER, MG_072_DIMER;k_trans_MG_348_MONOMER*MG_348_MONOMER*MG_072_DIMER;k_trans_MG_348_MONOMER = 11489746264420.641000;protein-translocation
Translocation_MG_521_MONOMER;Translocation (membrane protein, putative);1 c.MG_521_MONOMER + 6 c.ATP + 6 c.H2O -> 1 m.MG_521_MONOMER + 6 c.ADP + 6 c.PI + 6 c.H;MG_055_170_277_464_476_20MER, MG_072_DIMER;k_trans_MG_521_MONOMER*MG_521_MONOMER*MG_072_DIMER;k_trans_MG_521_MONOMER = 16516510255104.668000;protein-translocation
Translocation_MG_354_MONOMER;Translocation (MG_354_MONOMER);1 c.MG_354_MONOMER + 4 c.ATP + 4 c.H2O -> 1 m.MG_354_MONOMER + 4 c.ADP + 4 c.PI + 4 c.H;MG_055_170_277_464_476_20MER, MG_072_DIMER;k_trans_MG_354_MONOMER*MG_354_MONOMER*MG_072_DIMER;k_trans_MG_354_MONOMER = 27005097059441.211000;protein-translocation
Translocation_MG_364_MONOMER;Translocation (Replication initiation/membrane attachment protein);1 c.MG_364_MONOMER + 6 c.ATP + 6 c.H2O -> 1 m.MG_364_MONOMER + 6 c.ADP + 6 c.PI + 6 c.H;MG_055_170_277_464_476_20MER, MG_072_DIMER;k_trans_MG_364_MONOMER*MG_364_MONOMER*MG_072_DIMER;k_trans_MG_364_MONOMER = 16516510255104.668000;protein-translocation
Translocation_MG_524_MONOMER;Translocation (MG_524_MONOMER);1 c.MG_524_MONOMER + 4 c.ATP + 4 c.H2O -> 1 m.MG_524_MONOMER + 4 c.ADP + 4 c.PI + 4 c.H;MG_055_170_277_464_476_20MER, MG_072_DIMER;k_trans_MG_524_MONOMER*MG_524_MONOMER*MG_072_DIMER;k_trans_MG_524_MONOMER = 24830189913714.402000;protein-translocation
Translocation_MG_389_MONOMER;Translocation (MG_389_MONOMER);1 c.MG_389_MONOMER + 4 c.ATP + 4 c.H2O -> 1 e.MG_389_MONOMER + 4 c.ADP + 4 c.PI + 4 c.H;MG_055_170_277_464_476_20MER, MG_072_DIMER;k_trans_MG_389_MONOMER*MG_389_MONOMER*MG_072_DIMER;k_trans_MG_389_MONOMER = 29131482654672.805000;protein-translocation
Translocation_MG_390_MONOMER;Translocation (toxin ABC transporter, ATP-binding/permease protein);1 c.MG_390_MONOMER + 19 c.ATP + 19 c.H2O -> 1 m.MG_390_MONOMER + 19 c.ADP + 19 c.PI + 19 c.H;MG_055_170_277_464_476_20MER, MG_072_DIMER;k_trans_MG_390_MONOMER*MG_390_MONOMER*MG_072_DIMER;k_trans_MG_390_MONOMER = 5605603480520.372100;protein-translocation
Translocation_MG_395_MONOMER;Translocation (lipoprotein, putative);1 c.MG_395_MONOMER + 15 c.ATP + 15 c.H2O -> 1 m.MG_395_MONOMER + 15 c.ADP + 15 c.PI + 15 c.H;MG_055_170_277_464_476_20MER, MG_072_DIMER;k_trans_MG_395_MONOMER*MG_395_MONOMER*MG_072_DIMER;k_trans_MG_395_MONOMER = 7060492933479.858400;protein-translocation
Translocation_MG_397_MONOMER;Translocation (MG_397_MONOMER);1 c.MG_397_MONOMER + 16 c.ATP + 16 c.H2O -> 1 e.MG_397_MONOMER + 16 c.ADP + 16 c.PI + 16 c.H;MG_055_170_277_464_476_20MER, MG_072_DIMER;k_trans_MG_397_MONOMER*MG_397_MONOMER*MG_072_DIMER;k_trans_MG_397_MONOMER = 6536569429582.059600;protein-translocation
Translocation_MG_403_MONOMER;Translocation (ATP synthase F0, B subunit);1 c.MG_403_MONOMER + 6 c.ATP + 6 c.H2O -> 1 m.MG_403_MONOMER + 6 c.ADP + 6 c.PI + 6 c.H;MG_055_170_277_464_476_20MER, MG_072_DIMER;k_trans_MG_403_MONOMER*MG_403_MONOMER*MG_072_DIMER;k_trans_MG_403_MONOMER = 17787011043958.875000;protein-translocation
Translocation_MG_404_MONOMER;Translocation (ATP synthase F0, C subunit);1 c.MG_404_MONOMER + 3 c.ATP + 3 c.H2O -> 1 m.MG_404_MONOMER + 3 c.ADP + 3 c.PI + 3 c.H;MG_055_170_277_464_476_20MER, MG_072_DIMER;k_trans_MG_404_MONOMER*MG_404_MONOMER*MG_072_DIMER;k_trans_MG_404_MONOMER = 36271551932778.883000;protein-translocation
Translocation_MG_405_MONOMER;Translocation (ATP synthase F0, A subunit);1 c.MG_405_MONOMER + 8 c.ATP + 8 c.H2O -> 1 m.MG_405_MONOMER + 8 c.ADP + 8 c.PI + 8 c.H;MG_055_170_277_464_476_20MER, MG_072_DIMER;k_trans_MG_405_MONOMER*MG_405_MONOMER*MG_072_DIMER;k_trans_MG_405_MONOMER = 12670199647751.527000;protein-translocation
Translocation_MG_406_MONOMER;Translocation (MG_406_MONOMER);1 c.MG_406_MONOMER + 5 c.ATP + 5 c.H2O -> 1 m.MG_406_MONOMER + 5 c.ADP + 5 c.PI + 5 c.H;MG_055_170_277_464_476_20MER, MG_072_DIMER;k_trans_MG_406_MONOMER*MG_406_MONOMER*MG_072_DIMER;k_trans_MG_406_MONOMER = 23415812007237.000000;protein-translocation
Translocation_MG_411_MONOMER;Translocation (phosphate ABC transporter, permease protein PstA);1 c.MG_411_MONOMER + 19 c.ATP + 19 c.H2O -> 1 m.MG_411_MONOMER + 19 c.ADP + 19 c.PI + 19 c.H;MG_055_170_277_464_476_20MER, MG_072_DIMER;k_trans_MG_411_MONOMER*MG_411_MONOMER*MG_072_DIMER;k_trans_MG_411_MONOMER = 5657031035387.532200;protein-translocation
Translocation_MG_412_MONOMER;Translocation (phosphate ABC transporter, substrate-binding protein);1 c.MG_412_MONOMER + 11 c.ATP + 11 c.H2O -> 1 e.MG_412_MONOMER + 11 c.ADP + 11 c.PI + 11 c.H;MG_055_170_277_464_476_20MER, MG_072_DIMER;k_trans_MG_412_MONOMER*MG_412_MONOMER*MG_072_DIMER;k_trans_MG_412_MONOMER = 9813523334598.000000;protein-translocation
Translocation_MG_414_MONOMER;Translocation (MG_414_MONOMER);1 c.MG_414_MONOMER + 30 c.ATP + 30 c.H2O -> 1 e.MG_414_MONOMER + 30 c.ADP + 30 c.PI + 30 c.H;MG_055_170_277_464_476_20MER, MG_072_DIMER;k_trans_MG_414_MONOMER*MG_414_MONOMER*MG_072_DIMER;k_trans_MG_414_MONOMER = 3571137352455.063500;protein-translocation
Translocation_MG_432_MONOMER;Translocation (membrane protein, putative);1 c.MG_432_MONOMER + 11 c.ATP + 11 c.H2O -> 1 m.MG_432_MONOMER + 11 c.ADP + 11 c.PI + 11 c.H;MG_055_170_277_464_476_20MER, MG_072_DIMER;k_trans_MG_432_MONOMER*MG_432_MONOMER*MG_072_DIMER;k_trans_MG_432_MONOMER = 9295724364682.025400;protein-translocation
Translocation_MG_437_MONOMER;Translocation (phosphatidate cytidylyltransferase);1 c.MG_437_MONOMER + 11 c.ATP + 11 c.H2O -> 1 m.MG_437_MONOMER + 11 c.ADP + 11 c.PI + 11 c.H;MG_055_170_277_464_476_20MER, MG_072_DIMER;k_trans_MG_437_MONOMER*MG_437_MONOMER*MG_072_DIMER;k_trans_MG_437_MONOMER = 9319139287514.978500;protein-translocation
Translocation_MG_439_MONOMER;Translocation (lipoprotein, putative);1 c.MG_439_MONOMER + 8 c.ATP + 8 c.H2O -> 1 m.MG_439_MONOMER + 8 c.ADP + 8 c.PI + 8 c.H;MG_055_170_277_464_476_20MER, MG_072_DIMER;k_trans_MG_439_MONOMER*MG_439_MONOMER*MG_072_DIMER;k_trans_MG_439_MONOMER = 13601831974792.080000;protein-translocation
Translocation_MG_440_MONOMER;Translocation (lipoprotein, putative);1 c.MG_440_MONOMER + 7 c.ATP + 7 c.H2O -> 1 m.MG_440_MONOMER + 7 c.ADP + 7 c.PI + 7 c.H;MG_055_170_277_464_476_20MER, MG_072_DIMER;k_trans_MG_440_MONOMER*MG_440_MONOMER*MG_072_DIMER;k_trans_MG_440_MONOMER = 14339915880400.953000;protein-translocation
Translocation_MG_441_MONOMER;Translocation (MG_441_MONOMER);1 c.MG_441_MONOMER + 4 c.ATP + 4 c.H2O -> 1 m.MG_441_MONOMER + 4 c.ADP + 4 c.PI + 4 c.H;MG_055_170_277_464_476_20MER, MG_072_DIMER;k_trans_MG_441_MONOMER*MG_441_MONOMER*MG_072_DIMER;k_trans_MG_441_MONOMER = 27203663949584.160000;protein-translocation
Translocation_MG_443_MONOMER;Translocation (membrane protein, putative);1 c.MG_443_MONOMER + 11 c.ATP + 11 c.H2O -> 1 m.MG_443_MONOMER + 11 c.ADP + 11 c.PI + 11 c.H;MG_055_170_277_464_476_20MER, MG_072_DIMER;k_trans_MG_443_MONOMER*MG_443_MONOMER*MG_072_DIMER;k_trans_MG_443_MONOMER = 9366324802894.798800;protein-translocation
Translocation_MG_447_MONOMER;Translocation (multidrug efflux pump);1 c.MG_447_MONOMER + 16 c.ATP + 16 c.H2O -> 1 m.MG_447_MONOMER + 16 c.ADP + 16 c.PI + 16 c.H;MG_055_170_277_464_476_20MER, MG_072_DIMER;k_trans_MG_447_MONOMER*MG_447_MONOMER*MG_072_DIMER;k_trans_MG_447_MONOMER = 6763616630975.221700;protein-translocation
Translocation_MG_452_MONOMER;Translocation (membrane protein, putative);1 c.MG_452_MONOMER + 7 c.ATP + 7 c.H2O -> 1 m.MG_452_MONOMER + 7 c.ADP + 7 c.PI + 7 c.H;MG_055_170_277_464_476_20MER, MG_072_DIMER;k_trans_MG_452_MONOMER*MG_452_MONOMER*MG_072_DIMER;k_trans_MG_452_MONOMER = 14175089261085.998000;protein-translocation
Translocation_MG_456_MONOMER;Translocation (MG_456_MONOMER);1 c.MG_456_MONOMER + 10 c.ATP + 10 c.H2O -> 1 m.MG_456_MONOMER + 10 c.ADP + 10 c.PI + 10 c.H;MG_055_170_277_464_476_20MER, MG_072_DIMER;k_trans_MG_456_MONOMER*MG_456_MONOMER*MG_072_DIMER;k_trans_MG_456_MONOMER = 11076941009411.514000;protein-translocation
Translocation_MG_457_MONOMER;Translocation (ATP-dependent metalloprotease FtsH);1 c.MG_457_MONOMER + 20 c.ATP + 20 c.H2O -> 1 m.MG_457_MONOMER + 20 c.ADP + 20 c.PI + 20 c.H;MG_055_170_277_464_476_20MER, MG_072_DIMER;k_trans_MG_457_MONOMER*MG_457_MONOMER*MG_072_DIMER;k_trans_MG_457_MONOMER = 5270225494506.333000;protein-translocation
Translocation_MG_464_MONOMER;Translocation (inner-membrane protein insertion factor);1 c.MG_464_MONOMER + 11 c.ATP + 11 c.H2O -> 1 m.MG_464_MONOMER + 11 c.ADP + 11 c.PI + 11 c.H;MG_055_170_277_464_476_20MER, MG_072_DIMER;k_trans_MG_464_MONOMER*MG_464_MONOMER*MG_072_DIMER;k_trans_MG_464_MONOMER = 9609605966606.351600;protein-translocation
Translocation_MG_468_MONOMER;Translocation (salivaricin A ABC transporter, permease protein);1 c.MG_468_MONOMER + 51 c.ATP + 51 c.H2O -> 1 m.MG_468_MONOMER + 51 c.ADP + 51 c.PI + 51 c.H;MG_055_170_277_464_476_20MER, MG_072_DIMER;k_trans_MG_468_MONOMER*MG_468_MONOMER*MG_072_DIMER;k_trans_MG_468_MONOMER = 2074985023636.256800;protein-translocation
