ID,Name,Stoichiometry,Enzyme,Rate law,Rate parameters,Type
Complexation_DNA_GYRASE,Complexation (DNA gyrase),2 c.MG_003_MONOMER + 2 c.MG_004_MONOMER -> 1 c.DNA_GYRASE,,k_cpx_DNA_GYRASE*c.MG_003_MONOMER^2*c.MG_004_MONOMER^2,k_cpx_DNA_GYRASE = 1000000.000000,macromolecular-complexation
Complexation_DNA_POLYMERASE_2CORE_BETA_CLAMP_GAMMA_COMPLEX_PRIMASE,"Complexation (DNA polymerase (2) core, XX-clamp, XXX-complex, and primase)",2 c.MG_001_MONOMER + 1 c.MG_007_MONOMER + 2 c.MG_031_MONOMER + 1 c.MG_250_MONOMER + 2 c.MG_261_MONOMER + 1 c.MG_315_MONOMER + 4 c.MG_419_MONOMER -> 1 c.DNA_POLYMERASE_2CORE_BETA_CLAMP_GAMMA_COMPLEX_PRIMASE,,k_cpx_DNA_POLYMERASE_2CORE_BETA_CLAMP_GAMMA_COMPLEX_PRIMASE*c.MG_001_MONOMER^2*c.MG_007_MONOMER*c.MG_031_MONOMER^2*c.MG_250_MONOMER*c.MG_261_MONOMER^2*c.MG_315_MONOMER*c.MG_419_MONOMER^4,k_cpx_DNA_POLYMERASE_2CORE_BETA_CLAMP_GAMMA_COMPLEX_PRIMASE = 0.000000,macromolecular-complexation
Complexation_DNA_POLYMERASE_CORE,Complexation (DNA-directed DNA polymerase),1 c.MG_031_MONOMER + 1 c.MG_261_MONOMER -> 1 c.DNA_POLYMERASE_CORE,,k_cpx_DNA_POLYMERASE_CORE*c.MG_031_MONOMER*c.MG_261_MONOMER,k_cpx_DNA_POLYMERASE_CORE = 1000000.000000,macromolecular-complexation
Complexation_DNA_POLYMERASE_CORE_BETA_CLAMP_GAMMA_COMPLEX,"Complexation (DNA polymerase core, beta-clamp, and gamma-complex)",2 c.MG_001_MONOMER + 1 c.MG_007_MONOMER + 1 c.MG_031_MONOMER + 1 c.MG_261_MONOMER + 1 c.MG_315_MONOMER + 4 c.MG_419_MONOMER -> 1 c.DNA_POLYMERASE_CORE_BETA_CLAMP_GAMMA_COMPLEX,,k_cpx_DNA_POLYMERASE_CORE_BETA_CLAMP_GAMMA_COMPLEX*c.MG_001_MONOMER^2*c.MG_007_MONOMER*c.MG_031_MONOMER*c.MG_261_MONOMER*c.MG_315_MONOMER*c.MG_419_MONOMER^4,k_cpx_DNA_POLYMERASE_CORE_BETA_CLAMP_GAMMA_COMPLEX = 0.000000,macromolecular-complexation
Complexation_DNA_POLYMERASE_CORE_BETA_CLAMP_PRIMASE,"Complexation (DNA polymerase core, beta-clamp, and primase)",2 c.MG_001_MONOMER + 1 c.MG_031_MONOMER + 1 c.MG_250_MONOMER + 1 c.MG_261_MONOMER -> 1 c.DNA_POLYMERASE_CORE_BETA_CLAMP_PRIMASE,,k_cpx_DNA_POLYMERASE_CORE_BETA_CLAMP_PRIMASE*c.MG_001_MONOMER^2*c.MG_031_MONOMER*c.MG_250_MONOMER*c.MG_261_MONOMER,k_cpx_DNA_POLYMERASE_CORE_BETA_CLAMP_PRIMASE = 0.000000,macromolecular-complexation
Complexation_DNA_POLYMERASE_GAMMA_COMPLEX,Complexation (DNA-directed DNA polymerase gamma complex),1 c.MG_007_MONOMER + 1 c.MG_315_MONOMER + 4 c.MG_419_MONOMER -> 1 c.DNA_POLYMERASE_GAMMA_COMPLEX,,k_cpx_DNA_POLYMERASE_GAMMA_COMPLEX*c.MG_007_MONOMER*c.MG_315_MONOMER*c.MG_419_MONOMER^4,k_cpx_DNA_POLYMERASE_GAMMA_COMPLEX = 1000000.000000,macromolecular-complexation
Complexation_DNA_POLYMERASE_HOLOENZYME,Complexation (DNA-directed DNA polymerase holoenzyme),2 c.MG_001_MONOMER + 1 c.MG_007_MONOMER + 2 c.MG_031_MONOMER + 2 c.MG_261_MONOMER + 1 c.MG_315_MONOMER + 4 c.MG_419_MONOMER -> 1 c.DNA_POLYMERASE_HOLOENZYME,,k_cpx_DNA_POLYMERASE_HOLOENZYME*c.MG_001_MONOMER^2*c.MG_007_MONOMER*c.MG_031_MONOMER^2*c.MG_261_MONOMER^2*c.MG_315_MONOMER*c.MG_419_MONOMER^4,k_cpx_DNA_POLYMERASE_HOLOENZYME = 0.000000,macromolecular-complexation
Complexation_MG_0001_048,Complexation (signal recognition particle),1 c.MG_048_MONOMER + 1 c.MG_0001 -> 1 c.MG_0001_048,,k_cpx_MG_0001_048*c.MG_048_MONOMER*c.MG_0001,k_cpx_MG_0001_048 = 1000000.000000,macromolecular-complexation
Complexation_MG_0003_465,Complexation (ribonuclease P),1 c.MG_465_MONOMER + 1 c.MG_0003 -> 1 c.MG_0003_465,,k_cpx_MG_0003_465*c.MG_465_MONOMER*c.MG_0003,k_cpx_MG_0003_465 = 1000000.000000,macromolecular-complexation
Complexation_MG_001_DIMER,"Complexation (DNA polymerase III, beta clamp)",2 c.MG_001_MONOMER -> 1 c.MG_001_DIMER,,k_cpx_MG_001_DIMER*c.MG_001_MONOMER^2,k_cpx_MG_001_DIMER = 0.000000,macromolecular-complexation
Complexation_MG_005_DIMER,Complexation (seryl-tRNA synthetase),2 c.MG_005_MONOMER -> 1 c.MG_005_DIMER,,k_cpx_MG_005_DIMER*c.MG_005_MONOMER^2,k_cpx_MG_005_DIMER = 1000000.000000,macromolecular-complexation
Complexation_MG_006_DIMER,Complexation (thymidylate kinase),2 c.MG_006_MONOMER -> 1 c.MG_006_DIMER,,k_cpx_MG_006_DIMER*c.MG_006_MONOMER^2,k_cpx_MG_006_DIMER = 1000000.000000,macromolecular-complexation
Complexation_MG_008_379_TETRAMER,Complexation (tRNA uridine 5-carboxymethylaminomethyl modification enzyme),2 c.MG_008_MONOMER + 2 c.MG_379_MONOMER -> 1 c.MG_008_379_TETRAMER,,k_cpx_MG_008_379_TETRAMER*c.MG_008_MONOMER^2*c.MG_379_MONOMER^2,k_cpx_MG_008_379_TETRAMER = 1000000.000000,macromolecular-complexation
Complexation_MG_013_DIMER,Complexation (methylenetetrahydrofolate dehydrogenase/methylenetetrahydrofolate cyclohydrolase),2 c.MG_013_MONOMER -> 1 c.MG_013_DIMER,,k_cpx_MG_013_DIMER*c.MG_013_MONOMER^2,k_cpx_MG_013_DIMER = 1000000.000000,macromolecular-complexation
Complexation_MG_014_015_DIMER,Complexation (multidrug ABC transporter),1 m.MG_014_MONOMER + 1 m.MG_015_MONOMER -> 1 m.MG_014_015_DIMER,,k_cpx_MG_014_015_DIMER*m.MG_014_MONOMER*m.MG_015_MONOMER,k_cpx_MG_014_015_DIMER = 1000000.000000,macromolecular-complexation
Complexation_MG_019_DIMER,Complexation (chaperone protein DnaJ),2 c.MG_019_MONOMER -> 1 c.MG_019_DIMER,,k_cpx_MG_019_DIMER*c.MG_019_MONOMER^2,k_cpx_MG_019_DIMER = 1000000.000000,macromolecular-complexation
Complexation_MG_021_DIMER,Complexation (methionyl-tRNA synthetase),2 c.MG_021_MONOMER -> 1 c.MG_021_DIMER,,k_cpx_MG_021_DIMER*c.MG_021_MONOMER^2,k_cpx_MG_021_DIMER = 1000000.000000,macromolecular-complexation
Complexation_MG_023_DIMER,"Complexation (fructose-1,6-bisphosphate aldolase, class II)",2 c.MG_023_MONOMER -> 1 c.MG_023_DIMER,,k_cpx_MG_023_DIMER*c.MG_023_MONOMER^2,k_cpx_MG_023_DIMER = 1000000.000000,macromolecular-complexation
Complexation_MG_029_DIMER,Complexation (DJ-1/PfpI family protein),2 c.MG_029_MONOMER -> 1 c.MG_029_DIMER,,k_cpx_MG_029_DIMER*c.MG_029_MONOMER^2,k_cpx_MG_029_DIMER = 1000000.000000,macromolecular-complexation
Complexation_MG_030_TRIMER,Complexation (uracil phosphoribosyltransferase),3 c.MG_030_MONOMER -> 1 c.MG_030_TRIMER,,k_cpx_MG_030_TRIMER*c.MG_030_MONOMER^3,k_cpx_MG_030_TRIMER = 1000000.000000,macromolecular-complexation
Complexation_MG_033_TETRAMER,Complexation (glycerol uptake facilitator),4 m.MG_033_MONOMER -> 1 m.MG_033_TETRAMER,,k_cpx_MG_033_TETRAMER*m.MG_033_MONOMER^4,k_cpx_MG_033_TETRAMER = 1000000.000000,macromolecular-complexation
Complexation_MG_034_DIMER,Complexation (thymidine kinase),2 c.MG_034_MONOMER -> 1 c.MG_034_DIMER,,k_cpx_MG_034_DIMER*c.MG_034_MONOMER^2,k_cpx_MG_034_DIMER = 1000000.000000,macromolecular-complexation
Complexation_MG_035_DIMER,Complexation (histidyl-tRNA synthetase),2 c.MG_035_MONOMER -> 1 c.MG_035_DIMER,,k_cpx_MG_035_DIMER*c.MG_035_MONOMER^2,k_cpx_MG_035_DIMER = 1000000.000000,macromolecular-complexation
Complexation_MG_036_DIMER,Complexation (aspartyl-tRNA synthetase),2 c.MG_036_MONOMER -> 1 c.MG_036_DIMER,,k_cpx_MG_036_DIMER*c.MG_036_MONOMER^2,k_cpx_MG_036_DIMER = 1000000.000000,macromolecular-complexation
Complexation_MG_038_TETRAMER,Complexation (glycerol kinase),4 c.MG_038_MONOMER -> 1 c.MG_038_TETRAMER,,k_cpx_MG_038_TETRAMER*c.MG_038_MONOMER^4,k_cpx_MG_038_TETRAMER = 1000000.000000,macromolecular-complexation
Complexation_MG_039_DIMER,"Complexation (FAD-dependent glycerol-3-phosphate dehydrogenase, putative)",2 c.MG_039_MONOMER -> 1 c.MG_039_DIMER,,k_cpx_MG_039_DIMER*c.MG_039_MONOMER^2,k_cpx_MG_039_DIMER = 1000000.000000,macromolecular-complexation
Complexation_MG_040_119_120_121_PENTAMER,Complexation (Monosaccharide (riboside/galactoside) ABC transporter),1 e.MG_040_MONOMER + 2 c.MG_119_MONOMER + 1 m.MG_120_MONOMER + 1 m.MG_121_MONOMER -> 1 m.MG_040_119_120_121_PENTAMER,,k_cpx_MG_040_119_120_121_PENTAMER*e.MG_040_MONOMER*c.MG_119_MONOMER^2*m.MG_120_MONOMER*m.MG_121_MONOMER,k_cpx_MG_040_119_120_121_PENTAMER = 1000000.000000,macromolecular-complexation
Complexation_MG_041_062_429_PENTAMER,"Complexation (PTS system, fructose-specific)",1 c.MG_041_MONOMER + 2 m.MG_062_MONOMER + 2 c.MG_429_MONOMER -> 1 m.MG_041_062_429_PENTAMER,,k_cpx_MG_041_062_429_PENTAMER*c.MG_041_MONOMER*m.MG_062_MONOMER^2*c.MG_429_MONOMER^2,k_cpx_MG_041_062_429_PENTAMER = 1000000.000000,macromolecular-complexation
Complexation_MG_041_069_429_PENTAMER,"Complexation (PTS system, glucose-specific)",1 c.MG_041_MONOMER + 2 m.MG_069_MONOMER + 2 c.MG_429_MONOMER -> 1 m.MG_041_069_429_PENTAMER,,k_cpx_MG_041_069_429_PENTAMER*c.MG_041_MONOMER*m.MG_069_MONOMER^2*c.MG_429_MONOMER^2,k_cpx_MG_041_069_429_PENTAMER = 1000000.000000,macromolecular-complexation
Complexation_MG_042_043_044_045_PENTAMER,Complexation (spermidine/putrescine (polyamine) ABC transporter),2 c.MG_042_MONOMER + 1 m.MG_043_MONOMER + 1 m.MG_044_MONOMER + 1 e.MG_045_MONOMER -> 1 m.MG_042_043_044_045_PENTAMER,,k_cpx_MG_042_043_044_045_PENTAMER*c.MG_042_MONOMER^2*m.MG_043_MONOMER*m.MG_044_MONOMER*e.MG_045_MONOMER,k_cpx_MG_042_043_044_045_PENTAMER = 1000000.000000,macromolecular-complexation
Complexation_MG_046_DIMER,Complexation (metalloendopeptidase),2 c.MG_046_MONOMER -> 1 c.MG_046_DIMER,,k_cpx_MG_046_DIMER*c.MG_046_MONOMER^2,k_cpx_MG_046_DIMER = 1000000.000000,macromolecular-complexation
Complexation_MG_047_TETRAMER,Complexation (S-adenosylmethionine synthetase),4 c.MG_047_MONOMER -> 1 c.MG_047_TETRAMER,,k_cpx_MG_047_TETRAMER*c.MG_047_MONOMER^4,k_cpx_MG_047_TETRAMER = 1000000.000000,macromolecular-complexation
Complexation_MG_049_HEXAMER,Complexation (purine nucleoside phosphorylase),6 c.MG_049_MONOMER -> 1 c.MG_049_HEXAMER,,k_cpx_MG_049_HEXAMER*c.MG_049_MONOMER^6,k_cpx_MG_049_HEXAMER = 1000000.000000,macromolecular-complexation
Complexation_MG_051_DIMER,Complexation (pyrimidine-nucleoside phosphorylase),2 c.MG_051_MONOMER -> 1 c.MG_051_DIMER,,k_cpx_MG_051_DIMER*c.MG_051_MONOMER^2,k_cpx_MG_051_DIMER = 1000000.000000,macromolecular-complexation
Complexation_MG_052_DIMER,Complexation (cytidine deaminase),2 c.MG_052_MONOMER -> 1 c.MG_052_DIMER,,k_cpx_MG_052_DIMER*c.MG_052_MONOMER^2,k_cpx_MG_052_DIMER = 1000000.000000,macromolecular-complexation
Complexation_MG_053_TRIMER,"Complexation (phosphoglucomutase/phosphomannomutase, putative)",3 c.MG_053_MONOMER -> 1 c.MG_053_TRIMER,,k_cpx_MG_053_TRIMER*c.MG_053_MONOMER^3,k_cpx_MG_053_TRIMER = 1000000.000000,macromolecular-complexation
Complexation_MG_055_170_277_464_476_20MER,Complexation (preprotein translocase),4 m.MG_055_MONOMER + 4 m.MG_476_MONOMER + 4 m.MG_170_MONOMER + 4 m.MG_277_MONOMER + 4 m.MG_464_MONOMER -> 1 m.MG_055_170_277_464_476_20MER,,k_cpx_MG_055_170_277_464_476_20MER*m.MG_055_MONOMER^4*m.MG_476_MONOMER^4*m.MG_170_MONOMER^4*m.MG_277_MONOMER^4*m.MG_464_MONOMER^4,k_cpx_MG_055_170_277_464_476_20MER = 1000000.000000,macromolecular-complexation
Complexation_MG_058_HEXAMER,Complexation (ribose-phosphate pyrophosphokinase),6 c.MG_058_MONOMER -> 1 c.MG_058_HEXAMER,,k_cpx_MG_058_HEXAMER*c.MG_058_MONOMER^6,k_cpx_MG_058_HEXAMER = 1000000.000000,macromolecular-complexation
Complexation_MG_063_DIMER,"Complexation (1-phosphofructokinase, putative)",2 c.MG_063_MONOMER -> 1 c.MG_063_DIMER,,k_cpx_MG_063_DIMER*c.MG_063_MONOMER^2,k_cpx_MG_063_DIMER = 1000000.000000,macromolecular-complexation
Complexation_MG_064_065_TETRAMER,Complexation (ABC transporter),2 m.MG_064_MONOMER + 2 c.MG_065_MONOMER -> 1 m.MG_064_065_TETRAMER,,k_cpx_MG_064_065_TETRAMER*m.MG_064_MONOMER^2*c.MG_065_MONOMER^2,k_cpx_MG_064_065_TETRAMER = 1000000.000000,macromolecular-complexation
Complexation_MG_066_DIMER,Complexation (transketolase),2 c.MG_066_MONOMER -> 1 c.MG_066_DIMER,,k_cpx_MG_066_DIMER*c.MG_066_MONOMER^2,k_cpx_MG_066_DIMER = 1000000.000000,macromolecular-complexation
Complexation_MG_072_DIMER,"Complexation (preprotein translocase, SecA subunit)",2 c.MG_072_MONOMER -> 1 c.MG_072_DIMER,,k_cpx_MG_072_DIMER*c.MG_072_MONOMER^2,k_cpx_MG_072_DIMER = 1000000.000000,macromolecular-complexation
Complexation_MG_073_206_421_TETRAMER,Complexation (DNA incision complex),1 c.MG_073_MONOMER + 1 c.MG_206_MONOMER + 2 c.MG_421_MONOMER -> 1 c.MG_073_206_421_TETRAMER,,k_cpx_MG_073_206_421_TETRAMER*c.MG_073_MONOMER*c.MG_206_MONOMER*c.MG_421_MONOMER^2,k_cpx_MG_073_206_421_TETRAMER = 1000000.000000,macromolecular-complexation
Complexation_MG_077_078_079_080_321_PENTAMER,Complexation (oligopeptide ABC transporter),1 m.MG_077_MONOMER + 1 m.MG_078_MONOMER + 1 c.MG_079_MONOMER + 1 c.MG_080_MONOMER + 1 e.MG_321_MONOMER -> 1 m.MG_077_078_079_080_321_PENTAMER,,k_cpx_MG_077_078_079_080_321_PENTAMER*m.MG_077_MONOMER*m.MG_078_MONOMER*c.MG_079_MONOMER*c.MG_080_MONOMER*e.MG_321_MONOMER,k_cpx_MG_077_078_079_080_321_PENTAMER = 1000000.000000,macromolecular-complexation
Complexation_MG_084_TETRAMER,Complexation (tRNA(Ile)-lysidine synthetase),4 c.MG_084_MONOMER -> 1 c.MG_084_TETRAMER,,k_cpx_MG_084_TETRAMER*c.MG_084_MONOMER^4,k_cpx_MG_084_TETRAMER = 1000000.000000,macromolecular-complexation
Complexation_MG_085_HEXAMER,Complexation (HPr(Ser) kinase/phosphatase),6 c.MG_085_MONOMER -> 1 c.MG_085_HEXAMER,,k_cpx_MG_085_HEXAMER*c.MG_085_MONOMER^6,k_cpx_MG_085_HEXAMER = 1000000.000000,macromolecular-complexation
Complexation_MG_089_DIMER,Complexation (translation elongation factor G),2 c.MG_089_MONOMER -> 1 c.MG_089_DIMER,,k_cpx_MG_089_DIMER*c.MG_089_MONOMER^2,k_cpx_MG_089_DIMER = 1000000.000000,macromolecular-complexation
Complexation_MG_091_OCTAMER,"Complexation (single-strand binding protein family, octamer)",8 c.MG_091_MONOMER -> 1 c.MG_091_OCTAMER,,k_cpx_MG_091_OCTAMER*c.MG_091_MONOMER^8,k_cpx_MG_091_OCTAMER = 0.000000,macromolecular-complexation
Complexation_MG_091_TETRAMER,"Complexation (single-strand binding protein family, tetramer)",4 c.MG_091_MONOMER -> 1 c.MG_091_TETRAMER,,k_cpx_MG_091_TETRAMER*c.MG_091_MONOMER^4,k_cpx_MG_091_TETRAMER = 1000000.000000,macromolecular-complexation
Complexation_MG_094_HEXAMER,Complexation (replicative DNA helicase),6 c.MG_094_MONOMER -> 1 c.MG_094_HEXAMER,,k_cpx_MG_094_HEXAMER*c.MG_094_MONOMER^6,k_cpx_MG_094_HEXAMER = 1000000.000000,macromolecular-complexation
Complexation_MG_098_099_100_TRIMER,Complexation (glutamyl-tRNA(Gln) and/or aspartyl-tRNA(Asn) amidotransferase),1 c.MG_098_MONOMER + 1 c.MG_099_MONOMER + 1 c.MG_100_MONOMER -> 1 c.MG_098_099_100_TRIMER,,k_cpx_MG_098_099_100_TRIMER*c.MG_098_MONOMER*c.MG_099_MONOMER*c.MG_100_MONOMER,k_cpx_MG_098_099_100_TRIMER = 1000000.000000,macromolecular-complexation
Complexation_MG_102_DIMER,Complexation (thioredoxin-disulfide reductase),2 c.MG_102_MONOMER -> 1 c.MG_102_DIMER,,k_cpx_MG_102_DIMER*c.MG_102_MONOMER^2,k_cpx_MG_102_DIMER = 1000000.000000,macromolecular-complexation
Complexation_MG_102_DIMER_ox,Complexation (oxidized thioredoxin-disulfide reductase),2 c.MG_102_MONOMER -> 1 c.MG_102_DIMER_ox,,k_cpx_MG_102_DIMER_ox*c.MG_102_MONOMER^2,k_cpx_MG_102_DIMER_ox = 0.000000,macromolecular-complexation
Complexation_MG_105_OCTAMER,Complexation (putative DNA integrity scanning protein),8 c.MG_105_MONOMER -> 1 c.MG_105_OCTAMER,,k_cpx_MG_105_OCTAMER*c.MG_105_MONOMER^8,k_cpx_MG_105_OCTAMER = 1000000.000000,macromolecular-complexation
Complexation_MG_106_DIMER,Complexation (peptide deformylase),2 c.MG_106_MONOMER -> 1 c.MG_106_DIMER,,k_cpx_MG_106_DIMER*c.MG_106_MONOMER^2,k_cpx_MG_106_DIMER = 1000000.000000,macromolecular-complexation
Complexation_MG_107_DIMER,Complexation (guanylate kinase),2 c.MG_107_MONOMER -> 1 c.MG_107_DIMER,,k_cpx_MG_107_DIMER*c.MG_107_MONOMER^2,k_cpx_MG_107_DIMER = 1000000.000000,macromolecular-complexation
Complexation_MG_109_DIMER,"Complexation (serine/threonine protein kinase, putative)",2 m.MG_109_MONOMER -> 1 m.MG_109_DIMER,,k_cpx_MG_109_DIMER*m.MG_109_MONOMER^2,k_cpx_MG_109_DIMER = 1000000.000000,macromolecular-complexation
Complexation_MG_111_DIMER,Complexation (glucose-6-phosphate isomerase),2 c.MG_111_MONOMER -> 1 c.MG_111_DIMER,,k_cpx_MG_111_DIMER*c.MG_111_MONOMER^2,k_cpx_MG_111_DIMER = 1000000.000000,macromolecular-complexation
Complexation_MG_112_DIMER,Complexation (ribulose-phosphate 3-epimerase),2 c.MG_112_MONOMER -> 1 c.MG_112_DIMER,,k_cpx_MG_112_DIMER*c.MG_112_MONOMER^2,k_cpx_MG_112_DIMER = 1000000.000000,macromolecular-complexation
Complexation_MG_113_DIMER,Complexation (asparaginyl-tRNA synthetase),2 c.MG_113_MONOMER -> 1 c.MG_113_DIMER,,k_cpx_MG_113_DIMER*c.MG_113_MONOMER^2,k_cpx_MG_113_DIMER = 1000000.000000,macromolecular-complexation
Complexation_MG_114_DIMER,Complexation (CDP-diacylglycerol--glycerol-3-phosphate 3-phosphatidyltransferase),2 m.MG_114_MONOMER -> 1 m.MG_114_DIMER,,k_cpx_MG_114_DIMER*m.MG_114_MONOMER^2,k_cpx_MG_114_DIMER = 1000000.000000,macromolecular-complexation
Complexation_MG_118_DIMER,Complexation (UDP-glucose 4-epimerase),2 c.MG_118_MONOMER -> 1 c.MG_118_DIMER,,k_cpx_MG_118_DIMER*c.MG_118_MONOMER^2,k_cpx_MG_118_DIMER = 1000000.000000,macromolecular-complexation
Complexation_MG_123_DIMER,Complexation (arginine deaminase),2 m.MG_123_MONOMER -> 1 m.MG_123_DIMER,,k_cpx_MG_123_DIMER*m.MG_123_MONOMER^2,k_cpx_MG_123_DIMER = 1000000.000000,macromolecular-complexation
Complexation_MG_124_MONOMER_ox,Complexation (oxidized thioredoxin),1 c.MG_124_MONOMER -> 1 c.MG_124_MONOMER_ox,,k_cpx_MG_124_MONOMER_ox*c.MG_124_MONOMER,k_cpx_MG_124_MONOMER_ox = 0.000000,macromolecular-complexation
Complexation_MG_126_DIMER,Complexation (tryptophanyl-tRNA synthetase),2 c.MG_126_MONOMER -> 1 c.MG_126_DIMER,,k_cpx_MG_126_DIMER*c.MG_126_MONOMER^2,k_cpx_MG_126_DIMER = 1000000.000000,macromolecular-complexation
Complexation_MG_127_MONOMER_ox,Complexation (oxidized Spx subfamily protein),1 c.MG_127_MONOMER -> 1 c.MG_127_MONOMER_ox,,k_cpx_MG_127_MONOMER_ox*c.MG_127_MONOMER,k_cpx_MG_127_MONOMER_ox = 0.000000,macromolecular-complexation
Complexation_MG_128_HEXAMER,"Complexation (inorganic polyphosphate/ATP-NAD kinase, probable)",6 c.MG_128_MONOMER -> 1 c.MG_128_HEXAMER,,k_cpx_MG_128_HEXAMER*c.MG_128_MONOMER^6,k_cpx_MG_128_HEXAMER = 1000000.000000,macromolecular-complexation
Complexation_MG_132_DIMER,Complexation (purine nucleoside phosphoramidase),2 c.MG_132_MONOMER -> 1 c.MG_132_DIMER,,k_cpx_MG_132_DIMER*c.MG_132_MONOMER^2,k_cpx_MG_132_DIMER = 1000000.000000,macromolecular-complexation
Complexation_MG_136_DIMER,Complexation (lysyl-tRNA synthetase),2 c.MG_136_MONOMER -> 1 c.MG_136_DIMER,,k_cpx_MG_136_DIMER*c.MG_136_MONOMER^2,k_cpx_MG_136_DIMER = 1000000.000000,macromolecular-complexation
Complexation_MG_137_DIMER,Complexation (UDP-galactopyranose mutase),2 c.MG_137_MONOMER -> 1 c.MG_137_DIMER,,k_cpx_MG_137_DIMER*c.MG_137_MONOMER^2,k_cpx_MG_137_DIMER = 1000000.000000,macromolecular-complexation
Complexation_MG_139_DIMER,Complexation (ribonuclease J),2 c.MG_139_MONOMER -> 1 c.MG_139_DIMER,,k_cpx_MG_139_DIMER*c.MG_139_MONOMER^2,k_cpx_MG_139_DIMER = 1000000.000000,macromolecular-complexation
Complexation_MG_179_180_181_TETRAMER,Complexation (metal ion (cobalt) ABC transporter),1 c.MG_179_MONOMER + 1 c.MG_180_MONOMER + 2 m.MG_181_MONOMER -> 1 m.MG_179_180_181_TETRAMER,,k_cpx_MG_179_180_181_TETRAMER*c.MG_179_MONOMER*c.MG_180_MONOMER*m.MG_181_MONOMER^2,k_cpx_MG_179_180_181_TETRAMER = 1000000.000000,macromolecular-complexation
Complexation_MG_182_DIMER,Complexation (Pseudouridylate synthase),2 c.MG_182_MONOMER -> 1 c.MG_182_DIMER,,k_cpx_MG_182_DIMER*c.MG_182_MONOMER^2,k_cpx_MG_182_DIMER = 1000000.000000,macromolecular-complexation
Complexation_MG_184_DIMER,Complexation (adenine-specific DNA modification methylase),2 c.MG_184_MONOMER -> 1 c.MG_184_DIMER,,k_cpx_MG_184_DIMER*c.MG_184_MONOMER^2,k_cpx_MG_184_DIMER = 1000000.000000,macromolecular-complexation
Complexation_MG_186_187_188_189_PENTAMER,Complexation (Oligosaccharide or polyol ABC transporter),2 e.MG_186_MONOMER + 1 c.MG_187_MONOMER + 1 m.MG_188_MONOMER + 1 m.MG_189_MONOMER -> 1 m.MG_186_187_188_189_PENTAMER,,k_cpx_MG_186_187_188_189_PENTAMER*e.MG_186_MONOMER^2*c.MG_187_MONOMER*m.MG_188_MONOMER*m.MG_189_MONOMER,k_cpx_MG_186_187_188_189_PENTAMER = 1000000.000000,macromolecular-complexation
Complexation_MG_194_195_TETRAMER,Complexation (phenylalanyl-tRNA synthetase),2 c.MG_194_MONOMER + 2 c.MG_195_MONOMER -> 1 c.MG_194_195_TETRAMER,,k_cpx_MG_194_195_TETRAMER*c.MG_194_MONOMER^2*c.MG_195_MONOMER^2,k_cpx_MG_194_195_TETRAMER = 1000000.000000,macromolecular-complexation
Complexation_MG_201_DIMER,Complexation (co-chaperone GrpE),2 c.MG_201_MONOMER -> 1 c.MG_201_DIMER,,k_cpx_MG_201_DIMER*c.MG_201_MONOMER^2,k_cpx_MG_201_DIMER = 1000000.000000,macromolecular-complexation
Complexation_MG_203_204_TETRAMER,Complexation (topoisomerase IV),2 c.MG_203_MONOMER + 2 c.MG_204_MONOMER -> 1 c.MG_203_204_TETRAMER,,k_cpx_MG_203_204_TETRAMER*c.MG_203_MONOMER^2*c.MG_204_MONOMER^2,k_cpx_MG_203_204_TETRAMER = 1000000.000000,macromolecular-complexation
Complexation_MG_205_DIMER,"Complexation (heat-inducible transcription repressor HrcA, putative)",2 c.MG_205_MONOMER -> 1 c.MG_205_DIMER,,k_cpx_MG_205_DIMER*c.MG_205_MONOMER^2,k_cpx_MG_205_DIMER = 1000000.000000,macromolecular-complexation
Complexation_MG_208_DIMER,Complexation (glycoprotease family protein),2 c.MG_208_MONOMER -> 1 c.MG_208_DIMER,,k_cpx_MG_208_DIMER*c.MG_208_MONOMER^2,k_cpx_MG_208_DIMER = 1000000.000000,macromolecular-complexation
Complexation_MG_213_214_298_6MER,Complexation (chromosome segregation protein SMC),2 c.MG_213_MONOMER + 2 c.MG_214_MONOMER + 2 c.MG_298_MONOMER -> 1 c.MG_213_214_298_6MER,,k_cpx_MG_213_214_298_6MER*c.MG_213_MONOMER^2*c.MG_214_MONOMER^2*c.MG_298_MONOMER^2,k_cpx_MG_213_214_298_6MER = 1000000.000000,macromolecular-complexation
Complexation_MG_213_214_298_6MER_ADP,Complexation (Chromosome Segregation Protein SMC with SCP Proteins-ADP),2 c.MG_213_MONOMER + 2 c.MG_214_MONOMER + 2 c.MG_298_MONOMER -> 1 c.MG_213_214_298_6MER_ADP,,k_cpx_MG_213_214_298_6MER_ADP*c.MG_213_MONOMER^2*c.MG_214_MONOMER^2*c.MG_298_MONOMER^2,k_cpx_MG_213_214_298_6MER_ADP = 0.000000,macromolecular-complexation
Complexation_MG_215_TETRAMER,Complexation (6-phosphofructokinase),4 c.MG_215_MONOMER -> 1 c.MG_215_TETRAMER,,k_cpx_MG_215_TETRAMER*c.MG_215_MONOMER^4,k_cpx_MG_215_TETRAMER = 1000000.000000,macromolecular-complexation
Complexation_MG_216_TETRAMER,Complexation (pyruvate kinase),4 c.MG_216_MONOMER -> 1 c.MG_216_TETRAMER,,k_cpx_MG_216_TETRAMER*c.MG_216_MONOMER^4,k_cpx_MG_216_TETRAMER = 1000000.000000,macromolecular-complexation
Complexation_MG_221_OCTAMER,Complexation (mraZ protein),8 c.MG_221_MONOMER -> 1 c.MG_221_OCTAMER,,k_cpx_MG_221_OCTAMER*c.MG_221_MONOMER^8,k_cpx_MG_221_OCTAMER = 1000000.000000,macromolecular-complexation
Complexation_MG_224_2MER_GTP,Complexation (cell division protein ftsZ activated 2mer),2 c.MG_224_MONOMER -> 1 c.MG_224_2MER_GTP,,k_cpx_MG_224_2MER_GTP*c.MG_224_MONOMER^2,k_cpx_MG_224_2MER_GTP = 0.000000,macromolecular-complexation
Complexation_MG_224_3MER_GTP,Complexation (cell division protein ftsZ activated 3mer),3 c.MG_224_MONOMER -> 1 c.MG_224_3MER_GTP,,k_cpx_MG_224_3MER_GTP*c.MG_224_MONOMER^3,k_cpx_MG_224_3MER_GTP = 0.000000,macromolecular-complexation
Complexation_MG_224_4MER_GTP,Complexation (cell division protein ftsZ activated 4mer),4 c.MG_224_MONOMER -> 1 c.MG_224_4MER_GTP,,k_cpx_MG_224_4MER_GTP*c.MG_224_MONOMER^4,k_cpx_MG_224_4MER_GTP = 0.000000,macromolecular-complexation
Complexation_MG_224_5MER_GTP,Complexation (cell division protein ftsZ activated 5mer),5 c.MG_224_MONOMER -> 1 c.MG_224_5MER_GTP,,k_cpx_MG_224_5MER_GTP*c.MG_224_MONOMER^5,k_cpx_MG_224_5MER_GTP = 0.000000,macromolecular-complexation
Complexation_MG_224_6MER_GTP,Complexation (cell division protein ftsZ activated 6mer),6 c.MG_224_MONOMER -> 1 c.MG_224_6MER_GTP,,k_cpx_MG_224_6MER_GTP*c.MG_224_MONOMER^6,k_cpx_MG_224_6MER_GTP = 0.000000,macromolecular-complexation
Complexation_MG_224_7MER_GTP,Complexation (cell division protein ftsZ activated 7mer),7 c.MG_224_MONOMER -> 1 c.MG_224_7MER_GTP,,k_cpx_MG_224_7MER_GTP*c.MG_224_MONOMER^7,k_cpx_MG_224_7MER_GTP = 0.000000,macromolecular-complexation
Complexation_MG_224_8MER_GTP,Complexation (cell division protein ftsZ activated 8mer),8 c.MG_224_MONOMER -> 1 c.MG_224_8MER_GTP,,k_cpx_MG_224_8MER_GTP*c.MG_224_MONOMER^8,k_cpx_MG_224_8MER_GTP = 0.000000,macromolecular-complexation
Complexation_MG_224_9MER_GDP,Complexation (cell division protein ftsZ deactivated 9mer),9 c.MG_224_MONOMER -> 1 c.MG_224_9MER_GDP,,k_cpx_MG_224_9MER_GDP*c.MG_224_MONOMER^9,k_cpx_MG_224_9MER_GDP = 0.000000,macromolecular-complexation
Complexation_MG_224_9MER_GTP,Complexation (cell division protein ftsZ activated 9mer),9 c.MG_224_MONOMER -> 1 c.MG_224_9MER_GTP,,k_cpx_MG_224_9MER_GTP*c.MG_224_MONOMER^9,k_cpx_MG_224_9MER_GTP = 0.000000,macromolecular-complexation
Complexation_MG_224_MONOMER_GDP,Complexation (cell division protein ftsZ hydrolysed),1 c.MG_224_MONOMER -> 1 c.MG_224_MONOMER_GDP,,k_cpx_MG_224_MONOMER_GDP*c.MG_224_MONOMER,k_cpx_MG_224_MONOMER_GDP = 0.000000,macromolecular-complexation
Complexation_MG_224_MONOMER_GTP,Complexation (cell division protein ftsZ activated),1 c.MG_224_MONOMER -> 1 c.MG_224_MONOMER_GTP,,k_cpx_MG_224_MONOMER_GTP*c.MG_224_MONOMER,k_cpx_MG_224_MONOMER_GTP = 0.000000,macromolecular-complexation
Complexation_MG_225_DIMER,Complexation (amino acid transporter),2 m.MG_225_MONOMER -> 1 m.MG_225_DIMER,,k_cpx_MG_225_DIMER*m.MG_225_MONOMER^2,k_cpx_MG_225_DIMER = 1000000.000000,macromolecular-complexation
Complexation_MG_226_DIMER,Complexation (amino acid transporter),2 m.MG_226_MONOMER -> 1 m.MG_226_DIMER,,k_cpx_MG_226_DIMER*m.MG_226_MONOMER^2,k_cpx_MG_226_DIMER = 1000000.000000,macromolecular-complexation
Complexation_MG_227_DIMER,Complexation (thymidylate synthase),2 c.MG_227_MONOMER -> 1 c.MG_227_DIMER,,k_cpx_MG_227_DIMER*c.MG_227_MONOMER^2,k_cpx_MG_227_DIMER = 1000000.000000,macromolecular-complexation
Complexation_MG_228_TETRAMER,Complexation (dihydrofolate reductase),4 c.MG_228_MONOMER -> 1 c.MG_228_TETRAMER,,k_cpx_MG_228_TETRAMER*c.MG_228_MONOMER^4,k_cpx_MG_228_TETRAMER = 1000000.000000,macromolecular-complexation
Complexation_MG_229_231_TETRAMER,Complexation (ribonucleoside-diphosphate reductase),2 c.MG_229_MONOMER + 2 c.MG_231_MONOMER -> 1 c.MG_229_231_TETRAMER,,k_cpx_MG_229_231_TETRAMER*c.MG_229_MONOMER^2*c.MG_231_MONOMER^2,k_cpx_MG_229_231_TETRAMER = 1000000.000000,macromolecular-complexation
Complexation_MG_229_231_TETRAMER_ox,Complexation (oxidized ribonucleoside-diphosphate reductase),2 c.MG_229_MONOMER + 2 c.MG_231_MONOMER -> 1 c.MG_229_231_TETRAMER_ox,,k_cpx_MG_229_231_TETRAMER_ox*c.MG_229_MONOMER^2*c.MG_231_MONOMER^2,k_cpx_MG_229_231_TETRAMER_ox = 0.000000,macromolecular-complexation
Complexation_MG_239_HEXAMER,Complexation (ATP-dependent protease La),6 c.MG_239_MONOMER -> 1 c.MG_239_HEXAMER,,k_cpx_MG_239_HEXAMER*c.MG_239_MONOMER^6,k_cpx_MG_239_HEXAMER = 1000000.000000,macromolecular-complexation
Complexation_MG_240_HEXAMER,Complexation (nicotinamide-nucleotide adenylyltransferase/conserved hypothetical protein),6 c.MG_240_MONOMER -> 1 c.MG_240_HEXAMER,,k_cpx_MG_240_HEXAMER*c.MG_240_MONOMER^6,k_cpx_MG_240_HEXAMER = 1000000.000000,macromolecular-complexation
Complexation_MG_244_DIMER,Complexation (3-5' helicase),2 c.MG_244_MONOMER -> 1 c.MG_244_DIMER,,k_cpx_MG_244_DIMER*c.MG_244_MONOMER^2,k_cpx_MG_244_DIMER = 1000000.000000,macromolecular-complexation
Complexation_MG_251_DIMER,Complexation (glycyl-tRNA synthetase),2 c.MG_251_MONOMER -> 1 c.MG_251_DIMER,,k_cpx_MG_251_DIMER*c.MG_251_MONOMER^2,k_cpx_MG_251_DIMER = 1000000.000000,macromolecular-complexation
Complexation_MG_252_DIMER,Complexation (23S rRNA methyltransferase),2 c.MG_252_MONOMER -> 1 c.MG_252_DIMER,,k_cpx_MG_252_DIMER*c.MG_252_MONOMER^2,k_cpx_MG_252_DIMER = 1000000.000000,macromolecular-complexation
Complexation_MG_259_TETRAMER,Complexation (modification methylase),4 c.MG_259_MONOMER -> 1 c.MG_259_TETRAMER,,k_cpx_MG_259_TETRAMER*c.MG_259_MONOMER^4,k_cpx_MG_259_TETRAMER = 1000000.000000,macromolecular-complexation
Complexation_MG_265_DIMER,Complexation (sugar phosphatase),2 c.MG_265_MONOMER -> 1 c.MG_265_DIMER,,k_cpx_MG_265_DIMER*c.MG_265_MONOMER^2,k_cpx_MG_265_DIMER = 1000000.000000,macromolecular-complexation
Complexation_MG_271_272_273_274_192MER,Complexation (pyruvate dehydrogenase),12 c.MG_271_MONOMER + 60 c.MG_272_MONOMER + 60 c.MG_273_MONOMER + 60 c.MG_274_MONOMER -> 1 c.MG_271_272_273_274_192MER,,k_cpx_MG_271_272_273_274_192MER*c.MG_271_MONOMER^12*c.MG_272_MONOMER^60*c.MG_273_MONOMER^60*c.MG_274_MONOMER^60,k_cpx_MG_271_272_273_274_192MER = 1000000.000000,macromolecular-complexation
Complexation_MG_271_272_273_274_192MER_ox,Complexation (oxidized dihydrolipoamide dehydrogenase),12 c.MG_271_MONOMER + 60 c.MG_272_MONOMER + 60 c.MG_273_MONOMER + 60 c.MG_274_MONOMER -> 1 c.MG_271_272_273_274_192MER_ox,,k_cpx_MG_271_272_273_274_192MER_ox*c.MG_271_MONOMER^12*c.MG_272_MONOMER^60*c.MG_273_MONOMER^60*c.MG_274_MONOMER^60,k_cpx_MG_271_272_273_274_192MER_ox = 0.000000,macromolecular-complexation
Complexation_MG_275_TETRAMER,Complexation (NADH oxidase),4 m.MG_275_MONOMER -> 1 m.MG_275_TETRAMER,,k_cpx_MG_275_TETRAMER*m.MG_275_MONOMER^4,k_cpx_MG_275_TETRAMER = 1000000.000000,macromolecular-complexation
Complexation_MG_276_DIMER,Complexation (adenine phosphoribosyltransferase),2 c.MG_276_MONOMER -> 1 c.MG_276_DIMER,,k_cpx_MG_276_DIMER*c.MG_276_MONOMER^2,k_cpx_MG_276_DIMER = 1000000.000000,macromolecular-complexation
Complexation_MG_278_DIMER,Complexation (GTP pyrophosphokinase),2 c.MG_278_MONOMER -> 1 c.MG_278_DIMER,,k_cpx_MG_278_DIMER*c.MG_278_MONOMER^2,k_cpx_MG_278_DIMER = 1000000.000000,macromolecular-complexation
Complexation_MG_283_DIMER,Complexation (prolyl-tRNA synthetase),2 c.MG_283_MONOMER -> 1 c.MG_283_DIMER,,k_cpx_MG_283_DIMER*c.MG_283_MONOMER^2,k_cpx_MG_283_DIMER = 1000000.000000,macromolecular-complexation
Complexation_MG_287_MONOMER_ACP,Complexation (holo acyl carrier protein),1 c.MG_287_MONOMER -> 1 c.MG_287_MONOMER_ACP,,k_cpx_MG_287_MONOMER_ACP*c.MG_287_MONOMER,k_cpx_MG_287_MONOMER_ACP = 0.000000,macromolecular-complexation
Complexation_MG_287_MONOMER_ddcaACP,Complexation (Dodecanoyl-ACP (n-C12:0ACP)),1 c.MG_287_MONOMER -> 1 c.MG_287_MONOMER_ddcaACP,,k_cpx_MG_287_MONOMER_ddcaACP*c.MG_287_MONOMER,k_cpx_MG_287_MONOMER_ddcaACP = 0.000000,macromolecular-complexation
Complexation_MG_287_MONOMER_hdeACP,Complexation (cis-hexadec-9-enoyl-[acyl-carrier protein] (n-C16:1)),1 c.MG_287_MONOMER -> 1 c.MG_287_MONOMER_hdeACP,,k_cpx_MG_287_MONOMER_hdeACP*c.MG_287_MONOMER,k_cpx_MG_287_MONOMER_hdeACP = 0.000000,macromolecular-complexation
Complexation_MG_287_MONOMER_myrsACP,Complexation (Myristoyl-ACP (n-C14:0ACP)),1 c.MG_287_MONOMER -> 1 c.MG_287_MONOMER_myrsACP,,k_cpx_MG_287_MONOMER_myrsACP*c.MG_287_MONOMER,k_cpx_MG_287_MONOMER_myrsACP = 0.000000,macromolecular-complexation
Complexation_MG_287_MONOMER_ocdcaACP,Complexation (Octadecanoyl-ACP (n-C18:0ACP)),1 c.MG_287_MONOMER -> 1 c.MG_287_MONOMER_ocdcaACP,,k_cpx_MG_287_MONOMER_ocdcaACP*c.MG_287_MONOMER,k_cpx_MG_287_MONOMER_ocdcaACP = 0.000000,macromolecular-complexation
Complexation_MG_287_MONOMER_octeACP,Complexation (cis-octadec-11-enoyl-[acyl-carrier protein] (n-C18:1)),1 c.MG_287_MONOMER -> 1 c.MG_287_MONOMER_octeACP,,k_cpx_MG_287_MONOMER_octeACP*c.MG_287_MONOMER,k_cpx_MG_287_MONOMER_octeACP = 0.000000,macromolecular-complexation
Complexation_MG_287_MONOMER_palmACP,Complexation (Palmitoyl-ACP (n-C16:0ACP)),1 c.MG_287_MONOMER -> 1 c.MG_287_MONOMER_palmACP,,k_cpx_MG_287_MONOMER_palmACP*c.MG_287_MONOMER,k_cpx_MG_287_MONOMER_palmACP = 0.000000,macromolecular-complexation
Complexation_MG_287_MONOMER_tdeACP,Complexation (cis-tetradec-7-enoyl-[acyl-carrier protein] (n-C14:1)),1 c.MG_287_MONOMER -> 1 c.MG_287_MONOMER_tdeACP,,k_cpx_MG_287_MONOMER_tdeACP*c.MG_287_MONOMER,k_cpx_MG_287_MONOMER_tdeACP = 0.000000,macromolecular-complexation
Complexation_MG_289_290_291_PENTAMER,Complexation (phosphonate ABC transporter),1 e.MG_289_MONOMER + 2 c.MG_290_MONOMER + 2 m.MG_291_MONOMER -> 1 m.MG_289_290_291_PENTAMER,,k_cpx_MG_289_290_291_PENTAMER*e.MG_289_MONOMER*c.MG_290_MONOMER^2*m.MG_291_MONOMER^2,k_cpx_MG_289_290_291_PENTAMER = 1000000.000000,macromolecular-complexation
Complexation_MG_292_TETRAMER,Complexation (alanyl-tRNA synthetase),4 c.MG_292_MONOMER -> 1 c.MG_292_TETRAMER,,k_cpx_MG_292_TETRAMER*c.MG_292_MONOMER^4,k_cpx_MG_292_TETRAMER = 1000000.000000,macromolecular-complexation
Complexation_MG_293_DIMER,Complexation (glycerophosphoryl diester phosphodiesterase family protein),2 c.MG_293_MONOMER -> 1 c.MG_293_DIMER,,k_cpx_MG_293_DIMER*c.MG_293_MONOMER^2,k_cpx_MG_293_DIMER = 1000000.000000,macromolecular-complexation
Complexation_MG_295_MONOMER_ox,Complexation (oxidized tRNA U34 sulfurtransferase),1 c.MG_295_MONOMER -> 1 c.MG_295_MONOMER_ox,,k_cpx_MG_295_MONOMER_ox*c.MG_295_MONOMER,k_cpx_MG_295_MONOMER_ox = 0.000000,macromolecular-complexation
Complexation_MG_299_DIMER,Complexation (phosphate acetyltransferase),2 c.MG_299_MONOMER -> 1 c.MG_299_DIMER,,k_cpx_MG_299_DIMER*c.MG_299_MONOMER^2,k_cpx_MG_299_DIMER = 1000000.000000,macromolecular-complexation
Complexation_MG_301_TETRAMER,"Complexation (glyceraldehyde-3-phosphate dehydrogenase, type I)",4 c.MG_301_MONOMER -> 1 c.MG_301_TETRAMER,,k_cpx_MG_301_TETRAMER*c.MG_301_MONOMER^4,k_cpx_MG_301_TETRAMER = 1000000.000000,macromolecular-complexation
Complexation_MG_302_303_304_TETRAMER,Complexation (metal ion (cobalt) ABC transporter),2 m.MG_302_MONOMER + 1 c.MG_303_MONOMER + 1 c.MG_304_MONOMER -> 1 m.MG_302_303_304_TETRAMER,,k_cpx_MG_302_303_304_TETRAMER*m.MG_302_MONOMER^2*c.MG_303_MONOMER*c.MG_304_MONOMER,k_cpx_MG_302_303_304_TETRAMER = 1000000.000000,macromolecular-complexation
Complexation_MG_316_DIMER,Complexation (DNA internalization-related competence protein ComEC/Rec2),2 m.MG_316_MONOMER -> 1 m.MG_316_DIMER,,k_cpx_MG_316_DIMER*m.MG_316_MONOMER^2,k_cpx_MG_316_DIMER = 1000000.000000,macromolecular-complexation
Complexation_MG_322_323_TETRAMER,"Complexation (potassium uptake protein, TrkH family, putative)",2 m.MG_322_MONOMER + 2 c.MG_323_MONOMER -> 1 m.MG_322_323_TETRAMER,,k_cpx_MG_322_323_TETRAMER*m.MG_322_MONOMER^2*c.MG_323_MONOMER^2,k_cpx_MG_322_323_TETRAMER = 1000000.000000,macromolecular-complexation
Complexation_MG_333_DIMER,"Complexation (FMN-dependent NADH-azoreductase, putative)",2 c.MG_333_MONOMER -> 1 c.MG_333_DIMER,,k_cpx_MG_333_DIMER*c.MG_333_MONOMER^2,k_cpx_MG_333_DIMER = 1000000.000000,macromolecular-complexation
Complexation_MG_336_DIMER,Complexation (cysteine desulfurase),2 c.MG_336_MONOMER -> 1 c.MG_336_DIMER,,k_cpx_MG_336_DIMER*c.MG_336_MONOMER^2,k_cpx_MG_336_DIMER = 1000000.000000,macromolecular-complexation
Complexation_MG_346_DIMER,Complexation (23S rRNA methyltransferase),2 c.MG_346_MONOMER -> 1 c.MG_346_DIMER,,k_cpx_MG_346_DIMER*c.MG_346_MONOMER^2,k_cpx_MG_346_DIMER = 1000000.000000,macromolecular-complexation
Complexation_MG_347_DIMER,Complexation (tRNA (guanine-N(7)-)-methyltransferase),2 c.MG_347_MONOMER -> 1 c.MG_347_DIMER,,k_cpx_MG_347_DIMER*c.MG_347_MONOMER^2,k_cpx_MG_347_DIMER = 1000000.000000,macromolecular-complexation
Complexation_MG_349_HEXAMER,Complexation (Replication initiation/membrane attachment protein),6 c.MG_349_MONOMER -> 1 c.MG_349_HEXAMER,,k_cpx_MG_349_HEXAMER*c.MG_349_MONOMER^6,k_cpx_MG_349_HEXAMER = 1000000.000000,macromolecular-complexation
Complexation_MG_351_HEXAMER,Complexation (inorganic pyrophosphatase),6 c.MG_351_MONOMER -> 1 c.MG_351_HEXAMER,,k_cpx_MG_351_HEXAMER*c.MG_351_MONOMER^6,k_cpx_MG_351_HEXAMER = 1000000.000000,macromolecular-complexation
Complexation_MG_352_DIMER,Complexation (Holliday junction endonuclease),2 c.MG_352_MONOMER -> 1 c.MG_352_DIMER,,k_cpx_MG_352_DIMER*c.MG_352_MONOMER^2,k_cpx_MG_352_DIMER = 1000000.000000,macromolecular-complexation
Complexation_MG_353_DIMER,"Complexation (DNA-binding protein HU, putative)",2 c.MG_353_MONOMER -> 1 c.MG_353_DIMER,,k_cpx_MG_353_DIMER*c.MG_353_MONOMER^2,k_cpx_MG_353_DIMER = 1000000.000000,macromolecular-complexation
Complexation_MG_355_HEXAMER,"Complexation (ATP-dependent Clp protease, ATPase subunit)",6 c.MG_355_MONOMER -> 1 c.MG_355_HEXAMER,,k_cpx_MG_355_HEXAMER*c.MG_355_MONOMER^6,k_cpx_MG_355_HEXAMER = 1000000.000000,macromolecular-complexation
Complexation_MG_357_DIMER,Complexation (acetate kinase),2 c.MG_357_MONOMER -> 1 c.MG_357_DIMER,,k_cpx_MG_357_DIMER*c.MG_357_MONOMER^2,k_cpx_MG_357_DIMER = 1000000.000000,macromolecular-complexation
Complexation_MG_358_359_10MER,Complexation (Holliday junction DNA helicase),4 c.MG_358_MONOMER + 6 c.MG_359_MONOMER -> 1 c.MG_358_359_10MER,,k_cpx_MG_358_359_10MER*c.MG_358_MONOMER^4*c.MG_359_MONOMER^6,k_cpx_MG_358_359_10MER = 1000000.000000,macromolecular-complexation
Complexation_MG_367_DIMER,Complexation (ribonuclease III),2 c.MG_367_MONOMER -> 1 c.MG_367_DIMER,,k_cpx_MG_367_DIMER*c.MG_367_MONOMER^2,k_cpx_MG_367_DIMER = 1000000.000000,macromolecular-complexation
Complexation_MG_368_DIMER,Complexation (fatty acid/phospholipid synthesis protein PlsX),2 c.MG_368_MONOMER -> 1 c.MG_368_DIMER,,k_cpx_MG_368_DIMER*c.MG_368_MONOMER^2,k_cpx_MG_368_DIMER = 1000000.000000,macromolecular-complexation
Complexation_MG_369_DIMER,Complexation (DAK2 phosphatase domain protein),2 c.MG_369_MONOMER -> 1 c.MG_369_DIMER,,k_cpx_MG_369_DIMER*c.MG_369_MONOMER^2,k_cpx_MG_369_DIMER = 1000000.000000,macromolecular-complexation
Complexation_MG_372_DIMER,Complexation (thiamine biosynthesis/tRNA modification protein ThiI),2 c.MG_372_MONOMER -> 1 c.MG_372_DIMER,,k_cpx_MG_372_DIMER*c.MG_372_MONOMER^2,k_cpx_MG_372_DIMER = 1000000.000000,macromolecular-complexation
Complexation_MG_375_DIMER,Complexation (threonyl-tRNA synthetase),2 c.MG_375_MONOMER -> 1 c.MG_375_DIMER,,k_cpx_MG_375_DIMER*c.MG_375_MONOMER^2,k_cpx_MG_375_DIMER = 1000000.000000,macromolecular-complexation
Complexation_MG_376_HEXAMER,Complexation (),6 c.MG_376_MONOMER -> 1 c.MG_376_HEXAMER,,k_cpx_MG_376_HEXAMER*c.MG_376_MONOMER^6,k_cpx_MG_376_HEXAMER = 1000000.000000,macromolecular-complexation
Complexation_MG_382_TETRAMER,Complexation (uridine kinase),4 c.MG_382_MONOMER -> 1 c.MG_382_TETRAMER,,k_cpx_MG_382_TETRAMER*c.MG_382_MONOMER^4,k_cpx_MG_382_TETRAMER = 1000000.000000,macromolecular-complexation
Complexation_MG_383_DIMER,"Complexation (NH(3)-dependent NAD+ synthetase, putative)",2 c.MG_383_MONOMER -> 1 c.MG_383_DIMER,,k_cpx_MG_383_DIMER*c.MG_383_MONOMER^2,k_cpx_MG_383_DIMER = 1000000.000000,macromolecular-complexation
Complexation_MG_385_DIMER,Complexation (glycerophosphoryl diester phosphodiesterase family protein),2 c.MG_385_MONOMER -> 1 c.MG_385_DIMER,,k_cpx_MG_385_DIMER*c.MG_385_MONOMER^2,k_cpx_MG_385_DIMER = 1000000.000000,macromolecular-complexation
Complexation_MG_390_DIMER,"Complexation (toxin ABC transporter, ATP-binding/permease protein)",2 m.MG_390_MONOMER -> 1 m.MG_390_DIMER,,k_cpx_MG_390_DIMER*m.MG_390_MONOMER^2,k_cpx_MG_390_DIMER = 1000000.000000,macromolecular-complexation
Complexation_MG_391_HEXAMER,Complexation (cytosol aminopeptidase),6 c.MG_391_MONOMER -> 1 c.MG_391_HEXAMER,,k_cpx_MG_391_HEXAMER*c.MG_391_MONOMER^6,k_cpx_MG_391_HEXAMER = 1000000.000000,macromolecular-complexation
Complexation_MG_392_393_21MER,Complexation (GroEL-GroES chaperonin complex),14 c.MG_392_MONOMER + 7 c.MG_393_MONOMER -> 1 c.MG_392_393_21MER,,k_cpx_MG_392_393_21MER*c.MG_392_MONOMER^14*c.MG_393_MONOMER^7,k_cpx_MG_392_393_21MER = 1000000.000000,macromolecular-complexation
Complexation_MG_394_TETRAMER,Complexation (serine hydroxymethyltransferase),4 c.MG_394_MONOMER -> 1 c.MG_394_TETRAMER,,k_cpx_MG_394_TETRAMER*c.MG_394_MONOMER^4,k_cpx_MG_394_TETRAMER = 1000000.000000,macromolecular-complexation
Complexation_MG_396_DIMER,Complexation (ribose 5-phosphate isomerase B),2 c.MG_396_MONOMER -> 1 c.MG_396_DIMER,,k_cpx_MG_396_DIMER*c.MG_396_MONOMER^2,k_cpx_MG_396_DIMER = 1000000.000000,macromolecular-complexation
Complexation_MG_398_399_400_401_402_403_404_405_22MER,Complexation (H(+)-transporting two-sector ATPase),1 c.MG_398_MONOMER + 3 c.MG_399_MONOMER + 1 c.MG_400_MONOMER + 3 c.MG_401_MONOMER + 1 c.MG_402_MONOMER + 2 m.MG_403_MONOMER + 10 m.MG_404_MONOMER + 1 m.MG_405_MONOMER -> 1 m.MG_398_399_400_401_402_403_404_405_22MER,,k_cpx_MG_398_399_400_401_402_403_404_405_22MER*c.MG_398_MONOMER*c.MG_399_MONOMER^3*c.MG_400_MONOMER*c.MG_401_MONOMER^3*c.MG_402_MONOMER*m.MG_403_MONOMER^2*m.MG_404_MONOMER^10*m.MG_405_MONOMER,k_cpx_MG_398_399_400_401_402_403_404_405_22MER = 1000000.000000,macromolecular-complexation
Complexation_MG_407_DIMER,Complexation (enolase),2 c.MG_407_MONOMER -> 1 c.MG_407_DIMER,,k_cpx_MG_407_DIMER*c.MG_407_MONOMER^2,k_cpx_MG_407_DIMER = 1000000.000000,macromolecular-complexation
Complexation_MG_409_DIMER,"Complexation (phosphate transport system regulatory protein PhoU, putative)",2 c.MG_409_MONOMER -> 1 c.MG_409_DIMER,,k_cpx_MG_409_DIMER*c.MG_409_MONOMER^2,k_cpx_MG_409_DIMER = 1000000.000000,macromolecular-complexation
Complexation_MG_410_411_412_PENTAMER,Complexation (phosphate ABC transporter),2 c.MG_410_MONOMER + 2 m.MG_411_MONOMER + 1 e.MG_412_MONOMER -> 1 m.MG_410_411_412_PENTAMER,,k_cpx_MG_410_411_412_PENTAMER*c.MG_410_MONOMER^2*m.MG_411_MONOMER^2*e.MG_412_MONOMER,k_cpx_MG_410_411_412_PENTAMER = 1000000.000000,macromolecular-complexation
Complexation_MG_425_DIMER,Complexation (ATP-dependent RNA helicase),2 c.MG_425_MONOMER -> 1 c.MG_425_DIMER,,k_cpx_MG_425_DIMER*c.MG_425_MONOMER^2,k_cpx_MG_425_DIMER = 1000000.000000,macromolecular-complexation
Complexation_MG_427_DIMER,Complexation (osmotically inducible peroxidase),2 c.MG_427_MONOMER -> 1 c.MG_427_DIMER,,k_cpx_MG_427_DIMER*c.MG_427_MONOMER^2,k_cpx_MG_427_DIMER = 1000000.000000,macromolecular-complexation
Complexation_MG_427_DIMER_ox,Complexation (oxidized osmotically inducible peroxidase),2 c.MG_427_MONOMER -> 1 c.MG_427_DIMER_ox,,k_cpx_MG_427_DIMER_ox*c.MG_427_MONOMER^2,k_cpx_MG_427_DIMER_ox = 0.000000,macromolecular-complexation
Complexation_MG_428_DIMER,"Complexation (LuxR bacterial regulatory protein, putative)",2 c.MG_428_MONOMER -> 1 c.MG_428_DIMER,,k_cpx_MG_428_DIMER*c.MG_428_MONOMER^2,k_cpx_MG_428_DIMER = 1000000.000000,macromolecular-complexation
Complexation_MG_431_DIMER,Complexation (triosephosphate isomerase),2 c.MG_431_MONOMER -> 1 c.MG_431_DIMER,,k_cpx_MG_431_DIMER*c.MG_431_MONOMER^2,k_cpx_MG_431_DIMER = 1000000.000000,macromolecular-complexation
Complexation_MG_433_DIMER,Complexation (translation elongation factor Ts),2 c.MG_433_MONOMER -> 1 c.MG_433_DIMER,,k_cpx_MG_433_DIMER*c.MG_433_MONOMER^2,k_cpx_MG_433_DIMER = 1000000.000000,macromolecular-complexation
Complexation_MG_434_HEXAMER,Complexation (uridylate kinase),6 c.MG_434_MONOMER -> 1 c.MG_434_HEXAMER,,k_cpx_MG_434_HEXAMER*c.MG_434_MONOMER^6,k_cpx_MG_434_HEXAMER = 1000000.000000,macromolecular-complexation
Complexation_MG_437_DIMER,Complexation (phosphatidate cytidylyltransferase),2 m.MG_437_MONOMER -> 1 m.MG_437_DIMER,,k_cpx_MG_437_DIMER*m.MG_437_MONOMER^2,k_cpx_MG_437_DIMER = 1000000.000000,macromolecular-complexation
Complexation_MG_445_DIMER,Complexation (tRNA (guanine-N1)-methyltransferase),2 c.MG_445_MONOMER -> 1 c.MG_445_DIMER,,k_cpx_MG_445_DIMER*c.MG_445_MONOMER^2,k_cpx_MG_445_DIMER = 1000000.000000,macromolecular-complexation
Complexation_MG_451_DIMER,Complexation (translation elongation factor Tu),2 c.MG_451_MONOMER -> 1 c.MG_451_DIMER,,k_cpx_MG_451_DIMER*c.MG_451_MONOMER^2,k_cpx_MG_451_DIMER = 1000000.000000,macromolecular-complexation
Complexation_MG_453_TETRAMER,Complexation (UTP-glucose-1-phosphate uridylyltransferase),4 c.MG_453_MONOMER -> 1 c.MG_453_TETRAMER,,k_cpx_MG_453_TETRAMER*c.MG_453_MONOMER^4,k_cpx_MG_453_TETRAMER = 1000000.000000,macromolecular-complexation
Complexation_MG_454_DIMER,Complexation (thiol-dependent peroxidase),2 c.MG_454_MONOMER -> 1 c.MG_454_DIMER,,k_cpx_MG_454_DIMER*c.MG_454_MONOMER^2,k_cpx_MG_454_DIMER = 1000000.000000,macromolecular-complexation
Complexation_MG_454_DIMER_ox,Complexation (oxidized thiol-dependent peroxidase),2 c.MG_454_MONOMER -> 1 c.MG_454_DIMER_ox,,k_cpx_MG_454_DIMER_ox*c.MG_454_MONOMER^2,k_cpx_MG_454_DIMER_ox = 0.000000,macromolecular-complexation
Complexation_MG_455_DIMER,Complexation (tyrosyl-tRNA synthetase),2 c.MG_455_MONOMER -> 1 c.MG_455_DIMER,,k_cpx_MG_455_DIMER*c.MG_455_MONOMER^2,k_cpx_MG_455_DIMER = 1000000.000000,macromolecular-complexation
Complexation_MG_457_HEXAMER,Complexation (ATP-dependent metalloprotease FtsH),6 m.MG_457_MONOMER -> 1 m.MG_457_HEXAMER,,k_cpx_MG_457_HEXAMER*m.MG_457_MONOMER^6,k_cpx_MG_457_HEXAMER = 1000000.000000,macromolecular-complexation
Complexation_MG_458_TETRAMER,Complexation (hypoxanthine phosphoribosyltransferase),4 c.MG_458_MONOMER -> 1 c.MG_458_TETRAMER,,k_cpx_MG_458_TETRAMER*c.MG_458_MONOMER^4,k_cpx_MG_458_TETRAMER = 1000000.000000,macromolecular-complexation
Complexation_MG_460_TETRAMER,Complexation (L-lactate dehydrogenase/malate dehydrogenase),4 c.MG_460_MONOMER -> 1 c.MG_460_TETRAMER,,k_cpx_MG_460_TETRAMER*c.MG_460_MONOMER^4,k_cpx_MG_460_TETRAMER = 1000000.000000,macromolecular-complexation
Complexation_MG_467_468_526_TETRAMER,Complexation (salivaricin A ABC transporter),1 c.MG_467_MONOMER + 2 m.MG_468_MONOMER + 1 c.MG_526_MONOMER -> 1 m.MG_467_468_526_TETRAMER,,k_cpx_MG_467_468_526_TETRAMER*c.MG_467_MONOMER*m.MG_468_MONOMER^2*c.MG_526_MONOMER,k_cpx_MG_467_468_526_TETRAMER = 1000000.000000,macromolecular-complexation
Complexation_MG_469_1MER_ADP,Complexation (DnaA-ADP),1 c.MG_469_MONOMER -> 1 c.MG_469_1MER_ADP,,k_cpx_MG_469_1MER_ADP*c.MG_469_MONOMER,k_cpx_MG_469_1MER_ADP = 0.000000,macromolecular-complexation
Complexation_MG_469_1MER_ATP,Complexation (DnaA-ATP),1 c.MG_469_MONOMER -> 1 c.MG_469_1MER_ATP,,k_cpx_MG_469_1MER_ATP*c.MG_469_MONOMER,k_cpx_MG_469_1MER_ATP = 0.000000,macromolecular-complexation
Complexation_MG_469_2MER_1ATP_ADP,Complexation (DnaA 2mer-(1)ATP-(1)ADP),2 c.MG_469_MONOMER -> 1 c.MG_469_2MER_1ATP_ADP,,k_cpx_MG_469_2MER_1ATP_ADP*c.MG_469_MONOMER^2,k_cpx_MG_469_2MER_1ATP_ADP = 0.000000,macromolecular-complexation
Complexation_MG_469_2MER_ATP,Complexation (DnaA-ATP 2mer),2 c.MG_469_MONOMER -> 1 c.MG_469_2MER_ATP,,k_cpx_MG_469_2MER_ATP*c.MG_469_MONOMER^2,k_cpx_MG_469_2MER_ATP = 0.000000,macromolecular-complexation
Complexation_MG_469_3MER_2ATP_ADP,Complexation (DnaA 3mer-(2)ATP-(1)ADP),3 c.MG_469_MONOMER -> 1 c.MG_469_3MER_2ATP_ADP,,k_cpx_MG_469_3MER_2ATP_ADP*c.MG_469_MONOMER^3,k_cpx_MG_469_3MER_2ATP_ADP = 0.000000,macromolecular-complexation
Complexation_MG_469_3MER_ATP,Complexation (DnaA-ATP 3mer),3 c.MG_469_MONOMER -> 1 c.MG_469_3MER_ATP,,k_cpx_MG_469_3MER_ATP*c.MG_469_MONOMER^3,k_cpx_MG_469_3MER_ATP = 0.000000,macromolecular-complexation
Complexation_MG_469_4MER_3ATP_ADP,Complexation (DnaA 4mer-(3)ATP-(1)ADP),4 c.MG_469_MONOMER -> 1 c.MG_469_4MER_3ATP_ADP,,k_cpx_MG_469_4MER_3ATP_ADP*c.MG_469_MONOMER^4,k_cpx_MG_469_4MER_3ATP_ADP = 0.000000,macromolecular-complexation
Complexation_MG_469_4MER_ATP,Complexation (DnaA-ATP 4mer),4 c.MG_469_MONOMER -> 1 c.MG_469_4MER_ATP,,k_cpx_MG_469_4MER_ATP*c.MG_469_MONOMER^4,k_cpx_MG_469_4MER_ATP = 0.000000,macromolecular-complexation
Complexation_MG_469_5MER_4ATP_ADP,Complexation (DnaA 5mer-(4)ATP-(1)ADP),5 c.MG_469_MONOMER -> 1 c.MG_469_5MER_4ATP_ADP,,k_cpx_MG_469_5MER_4ATP_ADP*c.MG_469_MONOMER^5,k_cpx_MG_469_5MER_4ATP_ADP = 0.000000,macromolecular-complexation
Complexation_MG_469_5MER_ATP,Complexation (DnaA-ATP 5mer),5 c.MG_469_MONOMER -> 1 c.MG_469_5MER_ATP,,k_cpx_MG_469_5MER_ATP*c.MG_469_MONOMER^5,k_cpx_MG_469_5MER_ATP = 0.000000,macromolecular-complexation
Complexation_MG_469_6MER_5ATP_ADP,Complexation (DnaA 6mer-(5)ATP-(1)ADP),6 c.MG_469_MONOMER -> 1 c.MG_469_6MER_5ATP_ADP,,k_cpx_MG_469_6MER_5ATP_ADP*c.MG_469_MONOMER^6,k_cpx_MG_469_6MER_5ATP_ADP = 0.000000,macromolecular-complexation
Complexation_MG_469_6MER_ATP,Complexation (DnaA-ATP 6mer),6 c.MG_469_MONOMER -> 1 c.MG_469_6MER_ATP,,k_cpx_MG_469_6MER_ATP*c.MG_469_MONOMER^6,k_cpx_MG_469_6MER_ATP = 0.000000,macromolecular-complexation
Complexation_MG_469_7MER_6ATP_ADP,Complexation (DnaA 7mer-(6)ATP-(1)ADP),7 c.MG_469_MONOMER -> 1 c.MG_469_7MER_6ATP_ADP,,k_cpx_MG_469_7MER_6ATP_ADP*c.MG_469_MONOMER^7,k_cpx_MG_469_7MER_6ATP_ADP = 0.000000,macromolecular-complexation
Complexation_MG_469_7MER_ATP,Complexation (DnaA-ATP 7mer),7 c.MG_469_MONOMER -> 1 c.MG_469_7MER_ATP,,k_cpx_MG_469_7MER_ATP*c.MG_469_MONOMER^7,k_cpx_MG_469_7MER_ATP = 0.000000,macromolecular-complexation
Complexation_MG_482_DIMER,Complexation (holo-(acyl-carrier-protein) synthase),2 c.MG_482_MONOMER -> 1 c.MG_482_DIMER,,k_cpx_MG_482_DIMER*c.MG_482_MONOMER^2,k_cpx_MG_482_DIMER = 1000000.000000,macromolecular-complexation
Complexation_REPLISOME,Complexation (Replisome),4 c.MG_001_MONOMER + 1 c.MG_007_MONOMER + 2 c.MG_031_MONOMER + 6 c.MG_094_MONOMER + 1 c.MG_250_MONOMER + 2 c.MG_261_MONOMER + 1 c.MG_315_MONOMER + 4 c.MG_419_MONOMER -> 1 c.REPLISOME,,k_cpx_REPLISOME*c.MG_001_MONOMER^4*c.MG_007_MONOMER*c.MG_031_MONOMER^2*c.MG_094_MONOMER^6*c.MG_250_MONOMER*c.MG_261_MONOMER^2*c.MG_315_MONOMER*c.MG_419_MONOMER^4,k_cpx_REPLISOME = 0.000000,macromolecular-complexation
Complexation_RIBOSOME_30S,Complexation (30S ribosomal subunit),1 c.MG_070_MONOMER + 1 c.MG_087_MONOMER + 1 c.MG_088_MONOMER + 1 c.MG_090_MONOMER + 1 c.MG_092_MONOMER + 1 c.MG_150_MONOMER + 1 c.MG_155_MONOMER + 1 c.MG_157_MONOMER + 1 c.MG_160_MONOMER + 1 c.MG_164_MONOMER + 1 c.MG_165_MONOMER + 1 c.MG_168_MONOMER + 1 c.MG_175_MONOMER + 1 c.MG_176_MONOMER + 1 c.MG_481_MONOMER + 1 c.MG_311_MONOMER + 1 c.MG_522_MONOMER + 1 c.MG_417_MONOMER + 1 c.MG_424_MONOMER + 1 c.MG_446_MONOMER + 1 c.MGrrnA16S -> 1 c.RIBOSOME_30S,,k_cpx_RIBOSOME_30S*c.MG_070_MONOMER*c.MG_087_MONOMER*c.MG_088_MONOMER*c.MG_090_MONOMER*c.MG_092_MONOMER*c.MG_150_MONOMER*c.MG_155_MONOMER*c.MG_157_MONOMER*c.MG_160_MONOMER*c.MG_164_MONOMER*c.MG_165_MONOMER*c.MG_168_MONOMER*c.MG_175_MONOMER*c.MG_176_MONOMER*c.MG_481_MONOMER*c.MG_311_MONOMER*c.MG_522_MONOMER*c.MG_417_MONOMER*c.MG_424_MONOMER*c.MG_446_MONOMER*c.MGrrnA16S,k_cpx_RIBOSOME_30S = 0.000000,macromolecular-complexation
Complexation_RIBOSOME_30S_IF3,Complexation (30S ribosomal subunit - translation initiation factor IF-3 complex),1 c.MG_070_MONOMER + 1 c.MG_087_MONOMER + 1 c.MG_088_MONOMER + 1 c.MG_090_MONOMER + 1 c.MG_092_MONOMER + 1 c.MG_150_MONOMER + 1 c.MG_155_MONOMER + 1 c.MG_157_MONOMER + 1 c.MG_160_MONOMER + 1 c.MG_164_MONOMER + 1 c.MG_165_MONOMER + 1 c.MG_168_MONOMER + 1 c.MG_175_MONOMER + 1 c.MG_176_MONOMER + 1 c.MG_196_MONOMER + 1 c.MG_481_MONOMER + 1 c.MG_311_MONOMER + 1 c.MG_522_MONOMER + 1 c.MG_417_MONOMER + 1 c.MG_424_MONOMER + 1 c.MG_446_MONOMER + 1 c.MGrrnA16S -> 1 c.RIBOSOME_30S_IF3,,k_cpx_RIBOSOME_30S_IF3*c.MG_070_MONOMER*c.MG_087_MONOMER*c.MG_088_MONOMER*c.MG_090_MONOMER*c.MG_092_MONOMER*c.MG_150_MONOMER*c.MG_155_MONOMER*c.MG_157_MONOMER*c.MG_160_MONOMER*c.MG_164_MONOMER*c.MG_165_MONOMER*c.MG_168_MONOMER*c.MG_175_MONOMER*c.MG_176_MONOMER*c.MG_196_MONOMER*c.MG_481_MONOMER*c.MG_311_MONOMER*c.MG_522_MONOMER*c.MG_417_MONOMER*c.MG_424_MONOMER*c.MG_446_MONOMER*c.MGrrnA16S,k_cpx_RIBOSOME_30S_IF3 = 0.000000,macromolecular-complexation
Complexation_RIBOSOME_50S,Complexation (50S ribosomal subunit),1 c.MG_473_MONOMER + 1 c.MG_081_MONOMER + 1 c.MG_082_MONOMER + 1 c.MG_093_MONOMER + 1 c.MG_151_MONOMER + 1 c.MG_152_MONOMER + 1 c.MG_153_MONOMER + 1 c.MG_154_MONOMER + 1 c.MG_156_MONOMER + 1 c.MG_158_MONOMER + 1 c.MG_159_MONOMER + 1 c.MG_161_MONOMER + 1 c.MG_162_MONOMER + 1 c.MG_163_MONOMER + 1 c.MG_166_MONOMER + 1 c.MG_167_MONOMER + 1 c.MG_169_MONOMER + 1 c.MG_174_MONOMER + 1 c.MG_178_MONOMER + 1 c.MG_197_MONOMER + 1 c.MG_198_MONOMER + 1 c.MG_232_MONOMER + 1 c.MG_234_MONOMER + 1 c.MG_257_MONOMER + 1 c.MG_325_MONOMER + 1 c.MG_361_MONOMER + 1 c.MG_362_MONOMER + 1 c.MG_363_MONOMER + 1 c.MG_418_MONOMER + 1 c.MG_426_MONOMER + 1 c.MG_444_MONOMER + 1 c.MG_466_MONOMER + 1 c.MGrrnA23S + 1 c.MGrrnA5S -> 1 c.RIBOSOME_50S,,k_cpx_RIBOSOME_50S*c.MG_473_MONOMER*c.MG_081_MONOMER*c.MG_082_MONOMER*c.MG_093_MONOMER*c.MG_151_MONOMER*c.MG_152_MONOMER*c.MG_153_MONOMER*c.MG_154_MONOMER*c.MG_156_MONOMER*c.MG_158_MONOMER*c.MG_159_MONOMER*c.MG_161_MONOMER*c.MG_162_MONOMER*c.MG_163_MONOMER*c.MG_166_MONOMER*c.MG_167_MONOMER*c.MG_169_MONOMER*c.MG_174_MONOMER*c.MG_178_MONOMER*c.MG_197_MONOMER*c.MG_198_MONOMER*c.MG_232_MONOMER*c.MG_234_MONOMER*c.MG_257_MONOMER*c.MG_325_MONOMER*c.MG_361_MONOMER*c.MG_362_MONOMER*c.MG_363_MONOMER*c.MG_418_MONOMER*c.MG_426_MONOMER*c.MG_444_MONOMER*c.MG_466_MONOMER*c.MGrrnA23S*c.MGrrnA5S,k_cpx_RIBOSOME_50S = 0.000000,macromolecular-complexation
Complexation_RIBOSOME_70S,Complexation (70S ribosome),1 c.MG_473_MONOMER + 1 c.MG_070_MONOMER + 1 c.MG_081_MONOMER + 1 c.MG_082_MONOMER + 1 c.MG_087_MONOMER + 1 c.MG_088_MONOMER + 1 c.MG_090_MONOMER + 1 c.MG_092_MONOMER + 1 c.MG_093_MONOMER + 1 c.MG_150_MONOMER + 1 c.MG_151_MONOMER + 1 c.MG_152_MONOMER + 1 c.MG_153_MONOMER + 1 c.MG_154_MONOMER + 1 c.MG_155_MONOMER + 1 c.MG_156_MONOMER + 1 c.MG_157_MONOMER + 1 c.MG_158_MONOMER + 1 c.MG_159_MONOMER + 1 c.MG_160_MONOMER + 1 c.MG_161_MONOMER + 1 c.MG_162_MONOMER + 1 c.MG_163_MONOMER + 1 c.MG_164_MONOMER + 1 c.MG_165_MONOMER + 1 c.MG_166_MONOMER + 1 c.MG_167_MONOMER + 1 c.MG_168_MONOMER + 1 c.MG_169_MONOMER + 1 c.MG_174_MONOMER + 1 c.MG_175_MONOMER + 1 c.MG_176_MONOMER + 1 c.MG_178_MONOMER + 1 c.MG_197_MONOMER + 1 c.MG_198_MONOMER + 1 c.MG_481_MONOMER + 1 c.MG_232_MONOMER + 1 c.MG_234_MONOMER + 1 c.MG_257_MONOMER + 1 c.MG_311_MONOMER + 1 c.MG_325_MONOMER + 1 c.MG_361_MONOMER + 1 c.MG_362_MONOMER + 1 c.MG_363_MONOMER + 1 c.MG_522_MONOMER + 1 c.MG_417_MONOMER + 1 c.MG_418_MONOMER + 1 c.MG_424_MONOMER + 1 c.MG_426_MONOMER + 1 c.MG_444_MONOMER + 1 c.MG_446_MONOMER + 1 c.MG_466_MONOMER + 1 c.MGrrnA16S + 1 c.MGrrnA23S + 1 c.MGrrnA5S -> 1 c.RIBOSOME_70S,,k_cpx_RIBOSOME_70S*c.MG_473_MONOMER*c.MG_070_MONOMER*c.MG_081_MONOMER*c.MG_082_MONOMER*c.MG_087_MONOMER*c.MG_088_MONOMER*c.MG_090_MONOMER*c.MG_092_MONOMER*c.MG_093_MONOMER*c.MG_150_MONOMER*c.MG_151_MONOMER*c.MG_152_MONOMER*c.MG_153_MONOMER*c.MG_154_MONOMER*c.MG_155_MONOMER*c.MG_156_MONOMER*c.MG_157_MONOMER*c.MG_158_MONOMER*c.MG_159_MONOMER*c.MG_160_MONOMER*c.MG_161_MONOMER*c.MG_162_MONOMER*c.MG_163_MONOMER*c.MG_164_MONOMER*c.MG_165_MONOMER*c.MG_166_MONOMER*c.MG_167_MONOMER*c.MG_168_MONOMER*c.MG_169_MONOMER*c.MG_174_MONOMER*c.MG_175_MONOMER*c.MG_176_MONOMER*c.MG_178_MONOMER*c.MG_197_MONOMER*c.MG_198_MONOMER*c.MG_481_MONOMER*c.MG_232_MONOMER*c.MG_234_MONOMER*c.MG_257_MONOMER*c.MG_311_MONOMER*c.MG_325_MONOMER*c.MG_361_MONOMER*c.MG_362_MONOMER*c.MG_363_MONOMER*c.MG_522_MONOMER*c.MG_417_MONOMER*c.MG_418_MONOMER*c.MG_424_MONOMER*c.MG_426_MONOMER*c.MG_444_MONOMER*c.MG_446_MONOMER*c.MG_466_MONOMER*c.MGrrnA16S*c.MGrrnA23S*c.MGrrnA5S,k_cpx_RIBOSOME_70S = 1000000.000000,macromolecular-complexation
Complexation_RNA_POLYMERASE,Complexation (DNA-directed RNA polymerase),1 c.MG_022_MONOMER + 2 c.MG_177_MONOMER + 1 c.MG_340_MONOMER + 1 c.MG_341_MONOMER -> 1 c.RNA_POLYMERASE,,k_cpx_RNA_POLYMERASE*c.MG_022_MONOMER*c.MG_177_MONOMER^2*c.MG_340_MONOMER*c.MG_341_MONOMER,k_cpx_RNA_POLYMERASE = 1000000.000000,macromolecular-complexation
Complexation_RNA_POLYMERASE_HOLOENZYME,Complexation (DNA-directed RNA polymerase holoenzyme),1 c.MG_022_MONOMER + 2 c.MG_177_MONOMER + 1 c.MG_249_MONOMER + 1 c.MG_340_MONOMER + 1 c.MG_341_MONOMER -> 1 c.RNA_POLYMERASE_HOLOENZYME,,k_cpx_RNA_POLYMERASE_HOLOENZYME*c.MG_022_MONOMER*c.MG_177_MONOMER^2*c.MG_249_MONOMER*c.MG_340_MONOMER*c.MG_341_MONOMER,k_cpx_RNA_POLYMERASE_HOLOENZYME = 0.000000,macromolecular-complexation
